SalesID,Date,ProductID,CustomerID,CountryID,Units,Amount
1,2025-01-22,101,1139,1,1,3.2
2,2025-01-25,203,940,1,1,1.8
3,2025-01-12,303,1065,1,4,10.4
4,2025-01-28,201,513,1,5,9.75
5,2025-01-09,203,712,1,5,9.0
6,2025-01-05,102,72,1,5,14.25
7,2025-01-16,203,940,1,4,7.2
8,2025-01-13,101,1208,1,3,9.6
9,2025-01-04,301,1218,1,4,19.0
10,2025-01-23,203,11,1,3,5.4
11,2025-01-13,101,1021,1,2,6.4
12,2025-01-20,101,481,1,3,9.6
13,2025-01-08,102,508,1,3,8.55
14,2025-01-11,203,656,1,5,9.0
15,2025-01-07,102,780,1,4,11.4
16,2025-01-12,301,716,1,3,14.25
17,2025-01-19,201,239,1,2,3.9
18,2025-01-08,304,139,1,6,11.1
19,2025-01-18,301,787,1,2,9.5
20,2025-01-05,302,1447,1,2,6.2
21,2025-01-16,303,1472,1,2,5.2
22,2025-01-16,101,242,1,4,12.8
23,2025-01-17,304,936,1,6,11.1
24,2025-01-10,301,450,1,4,19.0
25,2025-01-02,204,712,1,5,10.5
26,2025-01-02,101,392,1,2,6.4
27,2025-01-27,302,1087,1,4,12.4
28,2025-01-11,101,481,1,6,19.2
29,2025-01-18,201,1488,1,5,9.75
30,2025-01-14,103,188,1,1,4.1
31,2025-01-20,201,374,1,6,11.7
32,2025-01-21,204,937,1,6,12.6
33,2025-01-12,102,587,1,3,8.55
34,2025-01-25,301,1285,1,4,19.0
35,2025-01-13,202,1063,1,1,2.4
36,2025-01-05,201,312,1,6,11.7
37,2025-01-14,206,1087,1,3,6.75
38,2025-01-28,205,99,1,4,14.0
39,2025-01-08,101,570,1,3,9.6
40,2025-01-23,201,508,1,3,5.85
41,2025-01-09,205,812,1,4,14.0
42,2025-01-24,301,1027,1,3,14.25
43,2025-01-14,203,312,1,4,7.2
44,2025-01-05,102,1272,1,1,2.85
45,2025-01-24,102,1233,1,3,8.55
46,2025-01-06,301,712,1,2,9.5
47,2025-01-16,101,948,1,1,3.2
48,2025-01-17,101,1404,1,4,12.8
49,2025-01-09,304,1065,1,1,1.85
50,2025-01-13,101,564,1,6,19.2
51,2025-01-10,102,812,1,6,17.1
52,2025-01-17,206,320,1,2,4.5
53,2025-01-12,101,587,1,6,19.2
54,2025-01-28,302,940,1,4,12.4
55,2025-01-15,303,242,1,5,13.0
56,2025-01-18,304,336,1,6,11.1
57,2025-01-21,205,1320,1,4,14.0
58,2025-01-14,206,927,1,5,11.25
59,2025-01-10,206,616,1,5,11.25
60,2025-01-26,203,112,1,2,3.6
61,2025-01-14,202,481,1,3,7.2
62,2025-01-01,101,926,1,1,3.2
63,2025-01-12,302,527,1,2,6.2
64,2025-01-23,203,863,1,1,1.8
65,2025-01-10,303,11,1,4,10.4
66,2025-01-20,301,418,1,3,14.25
67,2025-01-12,302,370,1,5,15.5
68,2025-01-14,201,712,1,5,9.75
69,2025-01-24,103,1122,1,6,24.6
70,2025-01-08,201,484,1,4,7.8
71,2025-01-08,101,915,1,6,19.2
72,2025-01-26,301,1216,1,5,23.75
73,2025-01-21,301,1310,1,3,14.25
74,2025-01-14,203,370,1,3,5.4
75,2025-01-05,302,531,1,2,6.2
76,2025-01-20,101,816,1,4,12.8
77,2025-01-16,103,370,1,5,20.5
78,2025-01-02,201,936,1,2,3.9
79,2025-01-10,101,508,1,1,3.2
80,2025-01-24,101,11,1,4,12.8
81,2025-01-01,102,869,1,2,5.7
82,2025-01-10,102,1430,1,4,11.4
83,2025-01-15,302,1218,1,3,9.3
84,2025-01-03,301,1333,1,3,14.25
85,2025-01-09,303,1411,1,1,2.6
86,2025-01-16,201,352,1,5,9.75
87,2025-01-27,102,699,1,3,8.55
88,2025-01-25,302,1251,1,1,3.1
89,2025-01-08,103,1285,1,4,16.4
90,2025-01-15,304,1285,1,2,3.7
91,2025-01-22,301,383,1,5,23.75
92,2025-01-10,203,579,1,6,10.8
93,2025-01-02,101,1310,1,6,19.2
94,2025-01-04,303,450,1,5,13.0
95,2025-01-07,203,640,1,3,5.4
96,2025-01-07,302,165,1,6,18.6
97,2025-01-01,301,456,2,3,14.25
98,2025-01-04,302,1004,2,5,15.5
99,2025-01-02,302,1217,2,1,3.1
100,2025-01-12,302,238,2,2,6.2
101,2025-01-03,103,874,2,4,16.4
102,2025-01-02,303,162,2,6,15.6
103,2025-01-23,201,1393,2,2,3.9
104,2025-01-16,302,610,2,2,6.2
105,2025-01-26,201,896,2,5,9.75
106,2025-01-24,302,510,2,4,12.4
107,2025-01-12,101,369,2,4,12.8
108,2025-01-16,103,1113,2,1,4.1
109,2025-01-23,301,1267,2,5,23.75
110,2025-01-18,102,897,2,2,5.7
111,2025-01-09,201,1433,2,4,7.8
112,2025-01-05,101,1155,2,5,16.0
113,2025-01-18,201,939,2,3,5.85
114,2025-01-17,204,968,2,6,12.6
115,2025-01-20,302,932,2,1,3.1
116,2025-01-11,302,170,2,2,6.2
117,2025-01-27,301,980,2,5,23.75
118,2025-01-16,102,1425,2,6,17.1
119,2025-01-11,101,1039,2,3,9.6
120,2025-01-04,301,1359,2,1,4.75
121,2025-01-27,301,349,2,1,4.75
122,2025-01-07,102,286,2,1,2.85
123,2025-01-02,205,1477,2,1,3.5
124,2025-01-22,301,1267,2,4,19.0
125,2025-01-19,206,676,2,6,13.5
126,2025-01-20,101,190,2,2,6.4
127,2025-01-21,101,1269,2,2,6.4
128,2025-01-15,303,164,2,1,2.6
129,2025-01-14,201,942,2,6,11.7
130,2025-01-27,302,695,2,1,3.1
131,2025-01-03,206,795,2,6,13.5
132,2025-01-17,101,266,2,2,6.4
133,2025-01-18,101,978,2,2,6.4
134,2025-01-22,102,649,2,5,14.25
135,2025-01-18,301,1444,2,2,9.5
136,2025-01-25,202,1495,2,1,2.4
137,2025-01-23,201,1091,2,4,7.8
138,2025-01-26,303,474,2,2,5.2
139,2025-01-11,301,433,2,5,23.75
140,2025-01-15,206,904,2,5,11.25
141,2025-01-11,303,953,2,5,13.0
142,2025-01-14,202,840,2,6,14.4
143,2025-01-18,301,571,2,5,23.75
144,2025-01-24,201,668,2,5,9.75
145,2025-01-15,201,1005,2,4,7.8
146,2025-01-10,101,49,2,1,3.2
147,2025-01-01,206,778,2,3,6.75
148,2025-01-28,304,821,2,2,3.7
149,2025-01-27,101,724,2,6,19.2
150,2025-01-18,303,1477,2,5,13.0
151,2025-01-04,303,108,2,2,5.2
152,2025-01-05,204,694,2,2,4.2
153,2025-01-08,201,610,2,5,9.75
154,2025-01-03,103,1477,2,3,12.3
155,2025-01-24,202,211,2,2,4.8
156,2025-01-06,302,1261,2,4,12.4
157,2025-01-23,302,1495,2,6,18.6
158,2025-01-20,302,778,2,1,3.1
159,2025-01-13,101,214,2,5,16.0
160,2025-01-12,302,1106,2,3,9.3
161,2025-01-28,202,600,2,1,2.4
162,2025-01-01,302,973,2,5,15.5
163,2025-01-02,101,825,2,5,16.0
164,2025-01-11,206,1300,2,2,4.5
165,2025-01-02,302,998,2,2,6.2
166,2025-01-19,304,1305,2,5,9.25
167,2025-01-10,101,1000,2,4,12.8
168,2025-01-03,101,1223,2,3,9.6
169,2025-01-18,301,1013,2,1,4.75
170,2025-01-17,103,1106,2,4,16.4
171,2025-01-25,302,379,2,2,6.2
172,2025-01-16,204,1001,2,2,4.2
173,2025-01-18,301,1366,2,2,9.5
174,2025-01-09,103,1096,2,1,4.1
175,2025-01-03,201,303,2,5,9.75
176,2025-01-12,301,897,2,4,19.0
177,2025-01-20,102,74,2,3,8.55
178,2025-01-12,302,1127,2,2,6.2
179,2025-01-02,301,615,2,4,19.0
180,2025-01-05,102,227,2,3,8.55
181,2025-01-08,101,410,2,1,3.2
182,2025-01-01,303,888,2,3,7.8
183,2025-01-10,302,1155,2,1,3.1
184,2025-01-07,204,1394,2,3,6.3
185,2025-01-17,102,679,2,5,14.25
186,2025-01-24,301,396,2,5,23.75
187,2025-01-01,302,964,2,6,18.6
188,2025-01-17,301,134,2,6,28.5
189,2025-01-10,103,536,2,1,4.1
190,2025-01-09,302,151,2,5,15.5
191,2025-01-03,204,982,2,1,2.1
192,2025-01-28,301,923,2,6,28.5
193,2025-01-10,303,979,2,1,2.6
194,2025-01-17,103,273,2,4,16.4
195,2025-01-28,303,1382,2,4,10.4
196,2025-01-17,101,1169,2,2,6.4
197,2025-01-01,301,117,2,6,28.5
198,2025-01-10,103,866,2,5,20.5
199,2025-01-06,205,56,2,6,21.0
200,2025-01-12,201,792,2,3,5.85
201,2025-01-09,103,166,2,5,20.5
202,2025-01-27,201,50,3,4,7.8
203,2025-01-08,303,267,3,3,7.8
204,2025-01-22,201,254,3,4,7.8
205,2025-01-17,101,1353,3,4,12.8
206,2025-01-22,205,406,3,6,21.0
207,2025-01-05,201,789,3,5,9.75
208,2025-01-11,304,844,3,5,9.25
209,2025-01-21,203,254,3,2,3.6
210,2025-01-26,204,365,3,6,12.6
211,2025-01-23,302,1387,3,3,9.3
212,2025-01-14,302,1497,3,2,6.2
213,2025-01-06,102,580,3,5,14.25
214,2025-01-24,101,225,3,5,16.0
215,2025-01-24,102,50,3,2,5.7
216,2025-01-14,301,555,3,4,19.0
217,2025-01-24,202,493,3,6,14.4
218,2025-01-04,102,241,3,2,5.7
219,2025-01-20,102,485,3,5,14.25
220,2025-01-08,204,1206,3,5,10.5
221,2025-01-01,103,667,3,6,24.6
222,2025-01-05,101,962,3,4,12.8
223,2025-01-23,302,1304,3,4,12.4
224,2025-01-16,201,900,3,4,7.8
225,2025-01-08,101,58,3,2,6.4
226,2025-01-09,201,772,3,1,1.95
227,2025-01-07,103,1480,3,6,24.6
228,2025-01-15,102,1238,3,2,5.7
229,2025-01-28,202,873,3,3,7.2
230,2025-01-13,302,87,3,4,12.4
231,2025-01-24,205,574,3,4,14.0
232,2025-01-19,201,1203,3,6,11.7
233,2025-01-23,203,66,3,6,10.8
234,2025-01-15,202,87,3,4,9.6
235,2025-01-17,302,1061,3,2,6.2
236,2025-01-02,201,1101,3,6,11.7
237,2025-01-02,201,348,3,6,11.7
238,2025-01-10,201,524,3,4,7.8
239,2025-01-10,202,1232,3,4,9.6
240,2025-01-17,302,258,3,6,18.6
241,2025-01-15,202,185,3,6,14.4
242,2025-01-06,301,1178,3,1,4.75
243,2025-01-18,303,251,3,6,15.6
244,2025-01-15,201,39,3,3,5.85
245,2025-01-23,102,365,3,5,14.25
246,2025-01-09,302,594,3,1,3.1
247,2025-01-26,301,285,3,6,28.5
248,2025-01-03,301,220,3,1,4.75
249,2025-01-12,301,172,3,6,28.5
250,2025-01-24,202,988,3,4,9.6
251,2025-01-13,205,1083,3,2,7.0
252,2025-01-11,201,1118,3,2,3.9
253,2025-01-06,302,261,3,2,6.2
254,2025-01-02,102,777,3,6,17.1
255,2025-01-25,201,838,3,6,11.7
256,2025-01-04,201,241,3,2,3.9
257,2025-01-20,303,1489,3,1,2.6
258,2025-01-16,201,955,3,4,7.8
259,2025-01-20,203,951,3,1,1.8
260,2025-01-22,103,910,3,5,20.5
261,2025-01-03,202,1215,3,4,9.6
262,2025-01-18,204,509,3,2,4.2
263,2025-01-27,205,373,3,5,17.5
264,2025-01-02,101,1307,3,2,6.4
265,2025-01-28,201,58,3,2,3.9
266,2025-01-10,206,617,3,5,11.25
267,2025-01-04,302,776,3,1,3.1
268,2025-01-22,304,520,3,2,3.7
269,2025-01-23,205,1203,3,6,21.0
270,2025-01-06,204,864,3,5,10.5
271,2025-01-02,301,194,3,3,14.25
272,2025-01-12,301,701,3,3,14.25
273,2025-01-27,302,1083,3,4,12.4
274,2025-01-05,101,228,3,4,12.8
275,2025-01-11,301,1030,3,3,14.25
276,2025-01-23,201,377,3,2,3.9
277,2025-01-19,205,1429,3,1,3.5
278,2025-01-03,304,921,3,5,9.25
279,2025-01-26,301,1387,3,5,23.75
280,2025-01-28,201,580,3,5,9.75
281,2025-01-20,201,664,3,5,9.75
282,2025-01-19,302,954,3,5,15.5
283,2025-01-16,202,951,3,6,14.4
284,2025-01-08,302,1388,3,5,15.5
285,2025-01-01,201,225,3,2,3.9
286,2025-01-26,101,225,3,6,19.2
287,2025-01-26,301,1238,3,2,9.5
288,2025-01-02,304,624,3,4,7.4
289,2025-01-07,201,16,3,6,11.7
290,2025-01-10,205,457,3,6,21.0
291,2025-01-10,302,977,3,3,9.3
292,2025-01-04,203,1361,3,1,1.8
293,2025-01-24,201,1134,3,4,7.8
294,2025-01-27,205,324,3,1,3.5
295,2025-01-22,102,919,3,3,8.55
296,2025-01-21,302,251,3,1,3.1
297,2025-01-15,202,1056,3,6,14.4
298,2025-01-26,302,772,3,4,12.4
299,2025-01-27,302,1011,3,1,3.1
300,2025-01-22,201,576,3,6,11.7
301,2025-01-07,203,1167,3,1,1.8
302,2025-01-03,301,265,3,3,14.25
303,2025-01-11,201,696,3,1,1.95
304,2025-01-19,205,1222,3,2,7.0
305,2025-01-04,201,1473,3,5,9.75
306,2025-01-23,201,58,3,3,5.85
307,2025-01-16,201,425,3,1,1.95
308,2025-01-07,201,1014,3,3,5.85
309,2025-01-12,201,66,3,1,1.95
310,2025-01-15,301,977,3,1,4.75
311,2025-01-17,101,272,3,4,12.8
312,2025-01-24,102,1014,3,4,11.4
313,2025-01-05,201,1494,3,3,5.85
314,2025-01-22,302,241,3,5,15.5
315,2025-01-15,102,717,3,1,2.85
316,2025-01-04,301,6,3,5,23.75
317,2025-01-22,201,1203,3,1,1.95
318,2025-01-15,302,91,3,3,9.3
319,2025-01-24,101,569,3,6,19.2
320,2025-01-21,101,377,3,3,9.6
321,2025-01-10,201,499,3,2,3.9
322,2025-01-22,202,225,3,4,9.6
323,2025-01-09,201,220,3,2,3.9
324,2025-01-18,101,999,3,5,16.0
325,2025-01-12,101,1083,3,5,16.0
326,2025-01-23,201,520,3,2,3.9
327,2025-01-03,204,569,3,2,4.2
328,2025-01-18,205,837,3,3,10.5
329,2025-01-16,101,1341,3,1,3.2
330,2025-01-02,101,176,3,4,12.8
331,2025-01-23,201,1206,3,2,3.9
332,2025-01-23,205,1164,4,6,21.0
333,2025-01-11,205,528,4,3,10.5
334,2025-01-26,301,1340,4,6,28.5
335,2025-01-19,101,328,4,4,12.8
336,2025-01-15,101,269,4,6,19.2
337,2025-01-21,202,1192,4,6,14.4
338,2025-01-05,202,677,4,2,4.8
339,2025-01-06,303,905,4,4,10.4
340,2025-01-15,301,1246,4,3,14.25
341,2025-01-04,101,983,4,4,12.8
342,2025-01-10,202,961,4,2,4.8
343,2025-01-17,204,291,4,2,4.2
344,2025-01-26,202,293,4,6,14.4
345,2025-01-03,201,804,4,6,11.7
346,2025-01-19,202,1114,4,4,9.6
347,2025-01-18,103,407,4,2,8.2
348,2025-01-03,304,938,4,4,7.4
349,2025-01-19,102,1133,4,6,17.1
350,2025-01-19,301,946,4,4,19.0
351,2025-01-06,203,197,4,2,3.6
352,2025-01-19,301,1246,4,6,28.5
353,2025-01-15,101,889,4,5,16.0
354,2025-01-06,203,829,4,4,7.2
355,2025-01-20,303,297,4,1,2.6
356,2025-01-25,301,1042,4,5,23.75
357,2025-01-22,201,167,4,6,11.7
358,2025-01-19,101,8,4,2,6.4
359,2025-01-05,301,1175,4,6,28.5
360,2025-01-20,202,1465,4,4,9.6
361,2025-01-22,202,845,4,2,4.8
362,2025-01-10,201,1141,4,6,11.7
363,2025-01-03,301,1479,4,3,14.25
364,2025-01-13,101,318,4,5,16.0
365,2025-01-12,302,1379,4,1,3.1
366,2025-01-23,304,1399,4,1,1.85
367,2025-01-04,301,752,4,3,14.25
368,2025-01-14,303,1498,4,2,5.2
369,2025-01-23,202,1046,4,3,7.2
370,2025-01-18,202,566,4,4,9.6
371,2025-01-05,206,498,4,4,9.0
372,2025-01-27,203,1119,4,3,5.4
373,2025-01-05,101,332,4,6,19.2
374,2025-01-01,101,355,4,6,19.2
375,2025-01-22,301,1142,4,4,19.0
376,2025-01-03,304,337,4,2,3.7
377,2025-01-28,205,1180,4,4,14.0
378,2025-01-20,303,1126,4,6,15.6
379,2025-01-17,205,1126,4,4,14.0
380,2025-01-13,203,987,4,4,7.2
381,2025-01-20,103,19,4,4,16.4
382,2025-01-08,204,1262,4,6,12.6
383,2025-01-19,201,1009,4,5,9.75
384,2025-01-19,101,1236,4,1,3.2
385,2025-01-19,301,1231,4,1,4.75
386,2025-01-05,303,1322,4,1,2.6
387,2025-01-15,304,1301,4,3,5.55
388,2025-01-03,101,657,4,5,16.0
389,2025-01-22,202,197,4,6,14.4
390,2025-01-26,301,1468,4,5,23.75
391,2025-01-11,201,1340,4,1,1.95
392,2025-01-15,301,1293,4,4,19.0
393,2025-01-24,303,905,4,5,13.0
394,2025-01-10,202,422,4,3,7.2
395,2025-01-24,101,818,4,5,16.0
396,2025-01-09,301,167,4,5,23.75
397,2025-01-06,205,1459,4,5,17.5
398,2025-01-26,101,73,4,3,9.6
399,2025-01-05,201,1275,4,1,1.95
400,2025-01-09,101,328,4,3,9.6
401,2025-01-28,205,675,4,3,10.5
402,2025-01-20,101,465,4,1,3.2
403,2025-01-05,303,1164,4,6,15.6
404,2025-01-09,201,643,4,2,3.9
405,2025-01-28,202,90,4,5,12.0
406,2025-01-05,201,375,4,1,1.95
407,2025-01-25,302,1048,4,4,12.4
408,2025-01-24,103,422,4,4,16.4
409,2025-01-27,102,947,4,6,17.1
410,2025-01-25,101,304,4,3,9.6
411,2025-01-13,101,1214,4,4,12.8
412,2025-01-25,201,1339,4,6,11.7
413,2025-01-23,103,1057,4,6,24.6
414,2025-01-17,202,1141,4,2,4.8
415,2025-01-13,101,841,4,4,12.8
416,2025-01-02,303,269,4,6,15.6
417,2025-01-12,303,1135,4,6,15.6
418,2025-01-28,205,743,4,6,21.0
419,2025-01-26,201,271,4,3,5.85
420,2025-01-13,201,1187,4,5,9.75
421,2025-01-08,301,1490,4,6,28.5
422,2025-01-11,301,482,4,5,23.75
423,2025-01-22,201,25,4,1,1.95
424,2025-01-14,302,271,4,1,3.1
425,2025-01-15,202,983,4,6,14.4
426,2025-01-09,103,503,4,3,12.3
427,2025-01-03,101,137,4,5,16.0
428,2025-01-27,303,585,4,6,15.6
429,2025-01-04,303,309,4,6,15.6
430,2025-01-05,101,1033,4,5,16.0
431,2025-01-19,206,496,4,6,13.5
432,2025-01-06,303,671,4,6,15.6
433,2025-01-03,201,1177,4,6,11.7
434,2025-01-25,303,1129,4,3,7.8
435,2025-01-25,301,879,4,6,28.5
436,2025-01-09,201,167,4,1,1.95
437,2025-01-02,201,677,4,3,5.85
438,2025-01-06,303,1149,4,3,7.8
439,2025-01-20,101,1060,4,2,6.4
440,2025-01-04,101,355,4,4,12.8
441,2025-01-07,203,293,4,4,7.2
442,2025-01-09,303,291,4,6,15.6
443,2025-01-19,101,670,4,1,3.2
444,2025-01-16,301,367,4,1,4.75
445,2025-01-02,206,1057,4,1,2.25
446,2025-01-11,201,1059,4,6,11.7
447,2025-01-23,204,1249,4,5,10.5
448,2025-01-28,202,186,4,4,9.6
449,2025-01-13,203,1231,4,1,1.8
450,2025-01-12,101,907,4,5,16.0
451,2025-01-02,301,245,4,4,19.0
452,2025-01-03,201,1184,4,3,5.85
453,2025-01-21,301,530,4,3,14.25
454,2025-01-13,101,502,4,1,3.2
455,2025-01-04,201,994,4,4,7.8
456,2025-01-15,202,502,4,6,14.4
457,2025-01-01,101,647,4,2,6.4
458,2025-01-26,202,1344,4,1,2.4
459,2025-02-01,203,55,1,4,7.42
460,2025-02-26,201,1263,1,3,6.03
461,2025-02-07,101,1472,1,1,3.3
462,2025-02-15,206,1174,1,5,11.59
463,2025-02-05,302,1287,1,5,15.96
464,2025-02-02,204,1285,1,1,2.16
465,2025-02-01,101,852,1,6,19.78
466,2025-02-02,303,437,1,5,13.39
467,2025-02-01,301,329,1,2,9.79
468,2025-02-27,206,1442,1,3,6.95
469,2025-02-06,101,1028,1,5,16.48
470,2025-02-04,101,871,1,1,3.3
471,2025-02-08,205,89,1,5,18.03
472,2025-02-11,302,1488,1,4,12.77
473,2025-02-22,302,716,1,6,19.16
474,2025-02-19,201,943,1,6,12.05
475,2025-02-25,101,64,1,2,6.59
476,2025-02-03,205,175,1,3,10.81
477,2025-02-06,103,1218,1,4,16.89
478,2025-02-15,201,437,1,2,4.02
479,2025-02-05,303,139,1,1,2.68
480,2025-02-20,301,690,1,6,29.36
481,2025-02-16,301,101,1,1,4.89
482,2025-02-03,101,1237,1,2,6.59
483,2025-02-14,206,1216,1,3,6.95
484,2025-02-23,302,209,1,4,12.77
485,2025-02-09,102,926,1,6,17.61
486,2025-02-06,203,1054,1,2,3.71
487,2025-02-06,301,1252,1,5,24.46
488,2025-02-21,203,1427,1,1,1.85
489,2025-02-01,201,972,1,4,8.03
490,2025-02-17,102,133,1,1,2.94
491,2025-02-17,205,397,1,5,18.03
492,2025-02-22,203,383,1,6,11.12
493,2025-02-04,201,1442,1,2,4.02
494,2025-02-16,101,336,1,4,13.18
495,2025-02-02,101,1122,1,1,3.3
496,2025-02-14,201,450,1,2,4.02
497,2025-02-02,201,156,1,4,8.03
498,2025-02-06,301,270,1,5,24.46
499,2025-02-17,301,173,1,4,19.57
500,2025-02-24,101,812,1,2,6.59
501,2025-02-14,205,374,1,3,10.81
502,2025-02-08,301,1413,1,3,14.68
503,2025-02-04,101,431,1,2,6.59
504,2025-02-13,301,397,1,2,9.79
505,2025-02-16,101,72,1,5,16.48
506,2025-02-07,302,1054,1,2,6.39
507,2025-02-12,203,242,1,4,7.42
508,2025-02-21,203,638,1,2,3.71
509,2025-02-11,304,209,1,2,3.81
510,2025-02-02,101,516,1,5,16.48
511,2025-02-15,101,780,1,4,13.18
512,2025-02-08,101,547,1,3,9.89
513,2025-02-20,205,320,1,6,21.63
514,2025-02-28,204,412,1,5,10.81
515,2025-02-16,101,392,1,5,16.48
516,2025-02-09,205,17,1,4,14.42
517,2025-02-28,301,440,1,6,29.36
518,2025-02-19,103,397,1,4,16.89
519,2025-02-05,302,991,1,5,15.96
520,2025-02-02,303,60,1,4,10.71
521,2025-02-25,304,886,1,6,11.43
522,2025-02-13,101,858,1,5,16.48
523,2025-02-27,302,139,1,6,19.16
524,2025-02-03,203,972,1,2,3.71
525,2025-02-24,301,749,1,6,29.36
526,2025-02-12,303,547,1,2,5.36
527,2025-02-01,102,858,1,1,2.94
528,2025-02-23,301,836,1,2,9.79
529,2025-02-19,302,44,1,6,19.16
530,2025-02-25,304,247,1,4,7.62
531,2025-02-06,302,1439,1,4,12.77
532,2025-02-15,302,1237,1,6,19.16
533,2025-02-03,206,700,1,6,13.91
534,2025-02-17,302,53,1,3,9.58
535,2025-02-23,201,1054,1,3,6.03
536,2025-02-26,203,1208,1,2,3.71
537,2025-02-24,101,75,1,3,9.89
538,2025-02-12,203,72,1,6,11.12
539,2025-02-15,101,1065,1,3,9.89
540,2025-02-06,101,1122,1,3,9.89
541,2025-02-18,204,1244,1,1,2.16
542,2025-02-11,301,436,1,2,9.79
543,2025-02-16,203,1285,1,6,11.12
544,2025-02-28,303,1233,1,5,13.39
545,2025-02-25,102,403,1,6,17.61
546,2025-02-17,201,1205,1,3,6.03
547,2025-02-03,202,674,1,1,2.47
548,2025-02-17,201,927,1,4,8.03
549,2025-02-23,302,936,1,4,12.77
550,2025-02-10,301,816,1,5,24.46
551,2025-02-23,206,1488,1,6,13.91
552,2025-02-07,304,836,1,1,1.91
553,2025-02-06,101,527,1,4,13.18
554,2025-02-04,303,312,1,1,2.68
555,2025-02-05,201,871,1,6,12.05
556,2025-02-17,101,1081,1,2,6.59
557,2025-02-22,101,940,1,4,13.18
558,2025-02-12,303,780,1,4,10.71
559,2025-02-01,202,531,1,6,14.83
560,2025-02-28,102,1466,1,1,2.94
561,2025-02-21,102,606,1,5,14.68
562,2025-02-21,201,1122,1,3,6.03
563,2025-02-19,301,1140,1,4,19.57
564,2025-02-15,301,836,1,5,24.46
565,2025-02-26,201,559,1,2,4.02
566,2025-02-08,101,861,1,3,9.89
567,2025-02-25,201,65,1,3,6.03
568,2025-02-06,201,443,2,4,8.03
569,2025-02-06,302,468,2,3,9.58
570,2025-02-22,303,426,2,6,16.07
571,2025-02-02,101,823,2,1,3.3
572,2025-02-09,301,945,2,4,19.57
573,2025-02-23,102,98,2,5,14.68
574,2025-02-05,301,956,2,3,14.68
575,2025-02-18,203,782,2,2,3.71
576,2025-02-13,101,1296,2,1,3.3
577,2025-02-11,302,429,2,4,12.77
578,2025-02-18,101,1317,2,6,19.78
579,2025-02-10,201,1213,2,6,12.05
580,2025-02-22,303,409,2,5,13.39
581,2025-02-15,302,874,2,6,19.16
582,2025-02-16,302,129,2,6,19.16
583,2025-02-04,101,803,2,5,16.48
584,2025-02-27,101,582,2,5,16.48
585,2025-02-11,203,153,2,1,1.85
586,2025-02-19,301,1374,2,2,9.79
587,2025-02-07,102,70,2,3,8.81
588,2025-02-22,101,232,2,4,13.18
589,2025-02-07,304,1268,2,4,7.62
590,2025-02-17,201,154,2,5,10.04
591,2025-02-13,303,410,2,3,8.03
592,2025-02-12,302,979,2,4,12.77
593,2025-02-12,201,902,2,3,6.03
594,2025-02-28,201,1450,2,4,8.03
595,2025-02-15,101,1058,2,6,19.78
596,2025-02-06,302,1084,2,3,9.58
597,2025-02-05,302,231,2,4,12.77
598,2025-02-16,101,1367,2,3,9.89
599,2025-02-19,304,963,2,1,1.91
600,2025-02-21,101,719,2,4,13.18
601,2025-02-15,202,1464,2,5,12.36
602,2025-02-07,302,494,2,2,6.39
603,2025-02-18,302,1268,2,3,9.58
604,2025-02-27,101,795,2,3,9.89
605,2025-02-15,205,597,2,6,21.63
606,2025-02-05,101,686,2,1,3.3
607,2025-02-27,201,1209,2,6,12.05
608,2025-02-10,101,1072,2,6,19.78
609,2025-02-21,102,641,2,6,17.61
610,2025-02-16,101,179,2,3,9.89
611,2025-02-19,301,1235,2,3,14.68
612,2025-02-21,301,1223,2,3,14.68
613,2025-02-12,304,1332,2,1,1.91
614,2025-02-28,302,682,2,1,3.19
615,2025-02-05,102,830,2,1,2.94
616,2025-02-05,204,916,2,6,12.98
617,2025-02-12,102,1075,2,3,8.81
618,2025-02-02,301,757,2,3,14.68
619,2025-02-03,201,1337,2,6,12.05
620,2025-02-06,102,256,2,6,17.61
621,2025-02-18,301,835,2,2,9.79
622,2025-02-26,303,782,2,6,16.07
623,2025-02-23,103,930,2,6,25.34
624,2025-02-12,101,400,2,5,16.48
625,2025-02-10,101,956,2,5,16.48
626,2025-02-11,302,445,2,4,12.77
627,2025-02-17,101,583,2,2,6.59
628,2025-02-20,302,1368,2,5,15.96
629,2025-02-18,303,305,2,6,16.07
630,2025-02-04,202,354,2,1,2.47
631,2025-02-12,303,813,2,4,10.71
632,2025-02-27,302,1127,2,2,6.39
633,2025-02-17,303,884,2,5,13.39
634,2025-02-01,102,321,2,3,8.81
635,2025-02-05,102,600,2,6,17.61
636,2025-02-05,201,214,2,2,4.02
637,2025-02-03,203,59,2,1,1.85
638,2025-02-02,302,521,2,4,12.77
639,2025-02-17,101,160,2,6,19.78
640,2025-02-02,204,178,2,3,6.49
641,2025-02-25,201,262,2,1,2.01
642,2025-02-07,302,535,2,5,15.96
643,2025-02-01,102,240,2,3,8.81
644,2025-02-09,101,1500,2,6,19.78
645,2025-02-28,201,1298,2,2,4.02
646,2025-02-08,302,1309,2,5,15.96
647,2025-02-27,301,1499,2,1,4.89
648,2025-02-07,302,506,2,5,15.96
649,2025-02-25,304,1394,2,2,3.81
650,2025-02-04,101,571,2,6,19.78
651,2025-02-16,303,939,2,6,16.07
652,2025-02-15,302,286,2,2,6.39
653,2025-02-13,102,1084,2,3,8.81
654,2025-02-14,102,303,2,2,5.87
655,2025-02-04,302,1195,2,3,9.58
656,2025-02-16,101,924,2,2,6.59
657,2025-02-24,302,129,2,5,15.96
658,2025-02-04,101,978,2,4,13.18
659,2025-02-24,103,813,2,5,21.12
660,2025-02-08,302,1433,2,4,12.77
661,2025-02-07,202,184,2,4,9.89
662,2025-02-22,303,941,2,4,10.71
663,2025-02-16,102,281,2,6,17.61
664,2025-02-22,202,227,2,5,12.36
665,2025-02-13,101,277,2,4,13.18
666,2025-02-03,302,932,2,2,6.39
667,2025-02-28,201,739,3,5,10.04
668,2025-02-24,101,955,3,4,13.18
669,2025-02-25,201,1171,3,6,12.05
670,2025-02-13,204,666,3,6,12.98
671,2025-02-13,202,925,3,5,12.36
672,2025-02-25,202,855,3,2,4.94
673,2025-02-16,101,954,3,3,9.89
674,2025-02-01,103,200,3,2,8.45
675,2025-02-16,301,1353,3,1,4.89
676,2025-02-13,101,1221,3,2,6.59
677,2025-02-10,301,1250,3,2,9.79
678,2025-02-22,205,1473,3,1,3.6
679,2025-02-26,202,885,3,4,9.89
680,2025-02-16,102,950,3,6,17.61
681,2025-02-11,202,1064,3,5,12.36
682,2025-02-14,203,225,3,1,1.85
683,2025-02-28,201,696,3,3,6.03
684,2025-02-02,202,330,3,1,2.47
685,2025-02-23,203,289,3,3,5.56
686,2025-02-10,202,1401,3,2,4.94
687,2025-02-19,201,1341,3,1,2.01
688,2025-02-22,202,1064,3,5,12.36
689,2025-02-18,204,279,3,4,8.65
690,2025-02-09,202,952,3,4,9.89
691,2025-02-20,204,1350,3,4,8.65
692,2025-02-11,201,115,3,3,6.03
693,2025-02-05,101,684,3,1,3.3
694,2025-02-19,201,41,3,6,12.05
695,2025-02-11,301,701,3,6,29.36
696,2025-02-12,101,767,3,3,9.89
697,2025-02-08,201,439,3,6,12.05
698,2025-02-19,103,172,3,3,12.67
699,2025-02-28,302,558,3,1,3.19
700,2025-02-01,101,1061,3,2,6.59
701,2025-02-22,201,786,3,4,8.03
702,2025-02-09,203,34,3,4,7.42
703,2025-02-01,301,580,3,5,24.46
704,2025-02-11,201,1148,3,4,8.03
705,2025-02-04,101,1363,3,4,13.18
706,2025-02-16,206,962,3,3,6.95
707,2025-02-11,302,290,3,6,19.16
708,2025-02-14,205,365,3,3,10.81
709,2025-02-27,202,1056,3,1,2.47
710,2025-02-02,102,546,3,3,8.81
711,2025-02-26,304,405,3,4,7.62
712,2025-02-23,205,1170,3,1,3.6
713,2025-02-09,101,127,3,3,9.89
714,2025-02-16,203,789,3,5,9.27
715,2025-02-21,102,553,3,1,2.94
716,2025-02-14,202,1321,3,3,7.42
717,2025-02-14,203,737,3,2,3.71
718,2025-02-15,201,1331,3,5,10.04
719,2025-02-01,301,1265,3,2,9.79
720,2025-02-19,301,955,3,2,9.79
721,2025-02-15,102,486,3,6,17.61
722,2025-02-26,303,1234,3,5,13.39
723,2025-02-19,302,1428,3,4,12.77
724,2025-02-07,205,681,3,5,18.03
725,2025-02-05,202,1469,3,2,4.94
726,2025-02-28,301,809,3,3,14.68
727,2025-02-21,201,366,3,1,2.01
728,2025-02-27,302,524,3,3,9.58
729,2025-02-22,206,1215,3,3,6.95
730,2025-02-04,103,265,3,2,8.45
731,2025-02-26,102,567,3,2,5.87
732,2025-02-14,202,786,3,5,12.36
733,2025-02-07,206,282,3,1,2.32
734,2025-02-09,201,509,3,1,2.01
735,2025-02-21,206,87,3,2,4.63
736,2025-02-26,303,34,3,4,10.71
737,2025-02-11,101,1220,3,1,3.3
738,2025-02-14,201,681,3,1,2.01
739,2025-02-13,206,1415,3,1,2.32
740,2025-02-04,302,1136,3,2,6.39
741,2025-02-17,301,1323,3,1,4.89
742,2025-02-09,302,954,3,5,15.96
743,2025-02-20,302,228,3,2,6.39
744,2025-02-11,301,1178,3,3,14.68
745,2025-02-24,301,423,3,6,29.36
746,2025-02-05,303,207,3,2,5.36
747,2025-02-15,102,763,3,3,8.81
748,2025-02-02,201,950,3,5,10.04
749,2025-02-04,202,580,3,6,14.83
750,2025-02-22,203,439,3,4,7.42
751,2025-02-12,303,910,3,2,5.36
752,2025-02-01,301,1294,3,3,14.68
753,2025-02-02,304,1452,3,5,9.53
754,2025-02-23,206,1331,3,1,2.32
755,2025-02-13,103,567,3,5,21.12
756,2025-02-12,205,1360,3,6,21.63
757,2025-02-28,101,826,3,2,6.59
758,2025-02-09,201,553,3,4,8.03
759,2025-02-10,101,377,3,2,6.59
760,2025-02-15,302,1274,3,2,6.39
761,2025-02-14,201,62,3,6,12.05
762,2025-02-27,201,950,3,1,2.01
763,2025-02-27,202,624,3,4,9.89
764,2025-02-27,301,284,3,1,4.89
765,2025-02-03,301,662,3,5,24.46
766,2025-02-27,201,1080,3,6,12.05
767,2025-02-23,301,42,3,4,19.57
768,2025-02-21,301,340,3,6,29.36
769,2025-02-05,202,13,4,6,14.83
770,2025-02-10,202,839,4,6,14.83
771,2025-02-06,204,665,4,1,2.16
772,2025-02-25,202,325,4,6,14.83
773,2025-02-14,302,851,4,6,19.16
774,2025-02-05,202,705,4,6,14.83
775,2025-02-27,101,901,4,5,16.48
776,2025-02-03,301,1117,4,2,9.79
777,2025-02-13,201,1455,4,4,8.03
778,2025-02-18,103,612,4,1,4.22
779,2025-02-07,303,711,4,4,10.71
780,2025-02-02,301,1078,4,2,9.79
781,2025-02-09,205,367,4,5,18.03
782,2025-02-06,101,1443,4,3,9.89
783,2025-02-17,101,1141,4,6,19.78
784,2025-02-27,301,1255,4,4,19.57
785,2025-02-07,101,502,4,6,19.78
786,2025-02-10,303,1255,4,3,8.03
787,2025-02-28,201,534,4,4,8.03
788,2025-02-24,204,498,4,3,6.49
789,2025-02-26,202,358,4,4,9.89
790,2025-02-08,101,1168,4,3,9.89
791,2025-02-19,303,1183,4,3,8.03
792,2025-02-05,101,879,4,4,13.18
793,2025-02-22,304,566,4,4,7.62
794,2025-02-14,301,675,4,6,29.36
795,2025-02-02,101,126,4,5,16.48
796,2025-02-16,201,987,4,2,4.02
797,2025-02-26,304,123,4,6,11.43
798,2025-02-20,101,1046,4,5,16.48
799,2025-02-22,201,1026,4,4,8.03
800,2025-02-02,101,1475,4,5,16.48
801,2025-02-17,102,1253,4,2,5.87
802,2025-02-05,303,237,4,4,10.71
803,2025-02-14,201,351,4,5,10.04
804,2025-02-02,201,318,4,3,6.03
805,2025-02-24,202,1002,4,3,7.42
806,2025-02-09,303,714,4,3,8.03
807,2025-02-06,202,841,4,4,9.89
808,2025-02-25,301,372,4,4,19.57
809,2025-02-21,203,1149,4,6,11.12
810,2025-02-02,101,612,4,2,6.59
811,2025-02-09,102,411,4,4,11.74
812,2025-02-04,301,1255,4,4,19.57
813,2025-02-23,101,1406,4,3,9.89
814,2025-02-04,202,362,4,4,9.89
815,2025-02-07,101,753,4,1,3.3
816,2025-02-24,102,1288,4,2,5.87
817,2025-02-22,302,1481,4,5,15.96
818,2025-02-17,102,1455,4,1,2.94
819,2025-02-08,102,1259,4,1,2.94
820,2025-02-01,206,753,4,3,6.95
821,2025-02-04,301,1060,4,6,29.36
822,2025-02-27,201,879,4,1,2.01
823,2025-02-15,101,1228,4,1,3.3
824,2025-02-20,202,18,4,3,7.42
825,2025-02-21,201,1175,4,1,2.01
826,2025-02-24,201,1448,4,6,12.05
827,2025-02-26,101,752,4,1,3.3
828,2025-02-24,201,187,4,1,2.01
829,2025-02-13,203,246,4,5,9.27
830,2025-02-08,202,1070,4,2,4.94
831,2025-02-06,101,1052,4,2,6.59
832,2025-02-21,301,375,4,3,14.68
833,2025-02-26,101,1135,4,4,13.18
834,2025-02-22,301,328,4,3,14.68
835,2025-02-27,201,1016,4,1,2.01
836,2025-02-15,202,1052,4,4,9.89
837,2025-02-20,202,1124,4,5,12.36
838,2025-02-26,101,1016,4,4,13.18
839,2025-02-21,205,1129,4,4,14.42
840,2025-02-11,101,1191,4,5,16.48
841,2025-02-22,206,390,4,6,13.91
842,2025-02-21,303,1319,4,5,13.39
843,2025-02-14,101,202,4,4,13.18
844,2025-02-10,303,367,4,4,10.71
845,2025-02-10,304,665,4,6,11.43
846,2025-02-19,202,124,4,3,7.42
847,2025-02-17,203,297,4,1,1.85
848,2025-02-04,202,1191,4,4,9.89
849,2025-02-27,206,671,4,5,11.59
850,2025-02-03,201,1264,4,5,10.04
851,2025-02-22,101,1187,4,6,19.78
852,2025-02-27,102,1060,4,2,5.87
853,2025-02-23,101,794,4,4,13.18
854,2025-02-15,201,1168,4,6,12.05
855,2025-02-11,205,497,4,3,10.81
856,2025-02-24,102,677,4,1,2.94
857,2025-02-14,303,1340,4,1,2.68
858,2025-02-04,101,31,4,4,13.18
859,2025-02-15,101,1089,4,4,13.18
860,2025-02-20,303,1246,4,6,16.07
861,2025-02-12,201,1066,4,5,10.04
862,2025-02-05,301,335,4,1,4.89
863,2025-02-27,101,45,4,1,3.3
864,2025-02-28,301,73,4,2,9.79
865,2025-02-05,102,654,4,6,17.61
866,2025-02-28,202,1343,4,6,14.83
867,2025-02-25,102,1191,4,3,8.81
868,2025-02-01,101,304,4,4,13.18
869,2025-02-24,101,1162,4,2,6.59
870,2025-02-01,303,1168,4,4,10.71
871,2025-02-10,204,1448,4,2,4.33
872,2025-02-02,302,907,4,4,12.77
873,2025-02-28,101,1135,4,6,19.78
874,2025-02-24,304,1468,4,4,7.62
875,2025-02-10,204,102,4,5,10.81
876,2025-02-17,202,1498,4,4,9.89
877,2025-02-27,301,1246,4,6,29.36
878,2025-02-17,103,47,4,1,4.22
879,2025-02-18,202,168,4,3,7.42
880,2025-02-14,201,1212,4,6,12.05
881,2025-02-21,101,958,4,5,16.48
882,2025-02-01,202,408,4,4,9.89
883,2025-02-16,201,947,4,2,4.02
884,2025-02-08,202,1484,4,5,12.36
885,2025-02-20,303,1194,4,3,8.03
886,2025-02-24,101,1057,4,3,9.89
887,2025-02-21,303,1002,4,6,16.07
888,2025-02-20,301,538,4,2,9.79
889,2025-02-03,201,1236,4,6,12.05
890,2025-02-06,101,1249,4,2,6.59
891,2025-02-16,101,818,4,4,13.18
892,2025-02-02,103,47,4,5,21.12
893,2025-02-12,201,407,4,3,6.03
894,2025-02-02,101,168,4,5,16.48
895,2025-02-20,201,608,4,1,2.01
896,2025-02-16,101,677,4,2,6.59
897,2025-02-25,304,123,4,3,5.72
898,2025-02-09,301,372,4,5,24.46
899,2025-03-23,205,65,1,1,3.71
900,2025-03-26,303,836,1,4,11.02
901,2025-03-04,303,1427,1,1,2.76
902,2025-03-27,205,974,1,1,3.71
903,2025-03-06,101,1087,1,1,3.39
904,2025-03-12,101,270,1,2,6.78
905,2025-03-15,301,1404,1,6,30.21
906,2025-03-28,203,139,1,6,11.45
907,2025-03-11,101,247,1,3,10.18
908,2025-03-15,101,779,1,2,6.78
909,2025-03-08,301,1488,1,1,5.04
910,2025-03-17,203,320,1,3,5.72
911,2025-03-23,101,1355,1,3,10.18
912,2025-03-22,202,437,1,6,15.26
913,2025-03-14,101,1430,1,5,16.96
914,2025-03-14,102,749,1,4,12.08
915,2025-03-26,303,1205,1,5,13.78
916,2025-03-15,201,249,1,1,2.07
917,2025-03-26,301,915,1,6,30.21
918,2025-03-11,303,570,1,1,2.76
919,2025-03-14,201,78,1,2,4.13
920,2025-03-22,201,1102,1,1,2.07
921,2025-03-02,101,1087,1,5,16.96
922,2025-03-17,304,547,1,6,11.77
923,2025-03-23,202,971,1,6,15.26
924,2025-03-24,302,570,1,6,19.72
925,2025-03-27,303,516,1,1,2.76
926,2025-03-05,303,1233,1,5,13.78
927,2025-03-07,201,943,1,6,12.4
928,2025-03-21,206,812,1,5,11.93
929,2025-03-13,301,1411,1,6,30.21
930,2025-03-03,102,55,1,3,9.06
931,2025-03-24,203,1263,1,4,7.63
932,2025-03-17,301,940,1,2,10.07
933,2025-03-17,201,971,1,1,2.07
934,2025-03-25,201,1090,1,3,6.2
935,2025-03-26,101,940,1,1,3.39
936,2025-03-27,205,1411,1,2,7.42
937,2025-03-17,201,165,1,4,8.27
938,2025-03-09,301,1081,1,3,15.11
939,2025-03-02,203,1355,1,1,1.91
940,2025-03-15,206,551,1,1,2.39
941,2025-03-15,204,611,1,1,2.23
942,2025-03-19,304,981,1,6,11.77
943,2025-03-22,301,936,1,6,30.21
944,2025-03-12,302,551,1,2,6.57
945,2025-03-19,201,1151,1,6,12.4
946,2025-03-17,101,1285,1,4,13.57
947,2025-03-17,103,1023,1,3,13.04
948,2025-03-15,102,139,1,3,9.06
949,2025-03-27,101,769,1,4,13.57
950,2025-03-14,101,239,1,1,3.39
951,2025-03-03,203,660,1,4,7.63
952,2025-03-19,301,974,1,4,20.14
953,2025-03-28,203,484,1,4,7.63
954,2025-03-14,204,808,1,6,13.36
955,2025-03-24,301,779,1,4,20.14
956,2025-03-17,302,209,1,2,6.57
957,2025-03-05,203,1237,1,4,7.63
958,2025-03-04,203,1216,1,5,9.54
959,2025-03-02,102,1320,1,4,12.08
960,2025-03-12,101,175,1,5,16.96
961,2025-03-04,205,175,1,4,14.84
962,2025-03-02,201,926,1,3,6.2
963,2025-03-10,101,674,1,3,10.18
964,2025-03-01,201,1439,1,4,8.27
965,2025-03-14,101,65,1,5,16.96
966,2025-03-10,303,392,1,3,8.27
967,2025-03-16,102,1,1,6,18.13
968,2025-03-03,101,64,1,3,10.18
969,2025-03-10,202,981,1,5,12.72
970,2025-03-26,203,690,1,3,5.72
971,2025-03-27,203,1043,1,6,11.45
972,2025-03-17,101,1090,1,2,6.78
973,2025-03-22,203,814,1,4,7.63
974,2025-03-11,101,112,1,6,20.35
975,2025-03-20,302,749,1,6,19.72
976,2025-03-11,201,940,1,4,8.27
977,2025-03-15,101,1285,1,6,20.35
978,2025-03-28,201,312,1,1,2.07
979,2025-03-21,301,1442,1,5,25.18
980,2025-03-18,301,1122,1,3,15.11
981,2025-03-03,101,371,1,5,16.96
982,2025-03-19,303,1355,1,5,13.78
983,2025-03-17,101,370,1,5,16.96
984,2025-03-01,301,175,1,5,25.18
985,2025-03-06,301,32,1,5,25.18
986,2025-03-08,103,1237,1,2,8.69
987,2025-03-15,302,111,1,5,16.43
988,2025-03-11,302,716,1,5,16.43
989,2025-03-28,205,36,1,4,14.84
990,2025-03-14,201,44,1,2,4.13
991,2025-03-13,302,477,1,3,9.86
992,2025-03-18,101,320,1,1,3.39
993,2025-03-09,201,1409,1,2,4.13
994,2025-03-14,101,1174,1,3,10.18
995,2025-03-11,101,352,1,5,16.96
996,2025-03-10,101,703,1,1,3.39
997,2025-03-14,101,579,1,2,6.78
998,2025-03-02,103,376,1,1,4.35
999,2025-03-19,102,431,1,5,15.11
1000,2025-03-13,203,173,1,5,9.54
1001,2025-03-15,103,971,1,3,13.04
1002,2025-03-01,201,749,1,4,8.27
1003,2025-03-09,206,971,1,1,2.39
1004,2025-03-04,303,440,1,6,16.54
1005,2025-03-26,301,209,1,6,30.21
1006,2025-03-15,201,111,1,4,8.27
1007,2025-03-07,302,1427,1,5,16.43
1008,2025-03-18,304,320,1,3,5.88
1009,2025-03-14,301,972,1,5,25.18
1010,2025-03-27,203,842,1,1,1.91
1011,2025-03-10,303,1137,1,5,13.78
1012,2025-03-02,304,861,1,1,1.96
1013,2025-03-27,103,1205,1,3,13.04
1014,2025-03-27,201,1087,1,3,6.2
1015,2025-03-10,102,64,1,5,15.11
1016,2025-03-19,101,92,1,5,16.96
1017,2025-03-23,201,188,1,4,8.27
1018,2025-03-18,302,516,1,6,19.72
1019,2025-03-20,302,886,1,2,6.57
1020,2025-03-22,303,613,1,3,8.27
1021,2025-03-15,103,719,2,6,26.08
1022,2025-03-11,103,560,2,3,13.04
1023,2025-03-11,204,49,2,5,11.13
1024,2025-03-21,303,10,2,2,5.51
1025,2025-03-01,301,464,2,1,5.04
1026,2025-03-23,202,1266,2,6,15.26
1027,2025-03-03,302,211,2,5,16.43
1028,2025-03-15,206,331,2,6,14.31
1029,2025-03-27,201,917,2,4,8.27
1030,2025-03-01,201,333,2,6,12.4
1031,2025-03-15,204,28,2,2,4.45
1032,2025-03-25,102,734,2,1,3.02
1033,2025-03-12,302,506,2,6,19.72
1034,2025-03-21,101,793,2,5,16.96
1035,2025-03-08,302,1277,2,2,6.57
1036,2025-03-09,304,1271,2,1,1.96
1037,2025-03-20,303,557,2,6,16.54
1038,2025-03-13,101,298,2,6,20.35
1039,2025-03-17,303,1277,2,5,13.78
1040,2025-03-22,102,1461,2,2,6.04
1041,2025-03-19,301,468,2,5,25.18
1042,2025-03-24,101,177,2,2,6.78
1043,2025-03-28,101,601,2,5,16.96
1044,2025-03-26,303,722,2,6,16.54
1045,2025-03-01,102,1385,2,6,18.13
1046,2025-03-18,301,1160,2,6,30.21
1047,2025-03-21,101,149,2,4,13.57
1048,2025-03-14,303,1025,2,3,8.27
1049,2025-03-17,103,1195,2,6,26.08
1050,2025-03-25,205,134,2,5,18.55
1051,2025-03-02,303,728,2,2,5.51
1052,2025-03-15,303,822,2,5,13.78
1053,2025-03-11,101,218,2,2,6.78
1054,2025-03-24,303,599,2,1,2.76
1055,2025-03-03,304,652,2,4,7.84
1056,2025-03-10,102,170,2,3,9.06
1057,2025-03-01,301,1230,2,1,5.04
1058,2025-03-19,203,867,2,1,1.91
1059,2025-03-04,303,1211,2,2,5.51
1060,2025-03-27,103,152,2,3,13.04
1061,2025-03-26,302,620,2,5,16.43
1062,2025-03-20,304,1115,2,5,9.8
1063,2025-03-15,302,1499,2,6,19.72
1064,2025-03-02,101,965,2,1,3.39
1065,2025-03-03,201,346,2,6,12.4
1066,2025-03-02,101,782,2,4,13.57
1067,2025-03-03,301,277,2,4,20.14
1068,2025-03-02,302,765,2,5,16.43
1069,2025-03-04,303,1044,2,4,11.02
1070,2025-03-26,103,30,2,5,21.73
1071,2025-03-26,204,1092,2,4,8.9
1072,2025-03-04,303,881,2,5,13.78
1073,2025-03-26,301,77,2,6,30.21
1074,2025-03-19,204,510,2,3,6.68
1075,2025-03-20,101,181,2,1,3.39
1076,2025-03-19,301,345,2,2,10.07
1077,2025-03-12,301,1077,2,3,15.11
1078,2025-03-15,204,494,2,5,11.13
1079,2025-03-02,103,346,2,1,4.35
1080,2025-03-17,201,917,2,4,8.27
1081,2025-03-25,201,404,2,5,10.34
1082,2025-03-20,101,888,2,3,10.18
1083,2025-03-17,201,401,2,1,2.07
1084,2025-03-27,101,1445,2,5,16.96
1085,2025-03-12,303,515,2,4,11.02
1086,2025-03-07,304,183,2,6,11.77
1087,2025-03-16,201,1198,2,6,12.4
1088,2025-03-28,301,1499,2,3,15.11
1089,2025-03-20,301,775,2,3,15.11
1090,2025-03-04,202,1161,2,2,5.09
1091,2025-03-16,303,581,2,1,2.76
1092,2025-03-08,303,604,2,6,16.54
1093,2025-03-08,204,1235,2,2,4.45
1094,2025-03-26,302,963,2,3,9.86
1095,2025-03-27,102,21,2,2,6.04
1096,2025-03-12,201,83,2,1,2.07
1097,2025-03-10,301,1120,2,2,10.07
1098,2025-03-25,102,923,2,5,15.11
1099,2025-03-07,101,523,2,1,3.39
1100,2025-03-09,103,467,2,2,8.69
1101,2025-03-08,201,471,2,5,10.34
1102,2025-03-27,102,686,2,2,6.04
1103,2025-03-27,303,387,2,1,2.76
1104,2025-03-11,201,560,2,1,2.07
1105,2025-03-12,201,956,2,2,4.13
1106,2025-03-26,301,1106,2,5,25.18
1107,2025-03-04,303,400,2,1,2.76
1108,2025-03-26,303,504,2,2,5.51
1109,2025-03-23,102,960,2,4,12.08
1110,2025-03-21,201,641,2,4,8.27
1111,2025-03-19,303,501,2,5,13.78
1112,2025-03-26,303,415,2,3,8.27
1113,2025-03-21,201,731,2,1,2.07
1114,2025-03-19,303,1266,2,5,13.78
1115,2025-03-26,102,1202,2,1,3.02
1116,2025-03-03,302,456,2,5,16.43
1117,2025-03-25,205,1326,2,6,22.26
1118,2025-03-15,201,473,2,5,10.34
1119,2025-03-17,201,1242,2,3,6.2
1120,2025-03-16,302,702,2,4,13.14
1121,2025-03-26,301,107,2,6,30.21
1122,2025-03-15,102,618,2,2,6.04
1123,2025-03-14,202,965,2,3,7.63
1124,2025-03-09,301,1424,2,3,15.11
1125,2025-03-10,101,1145,2,1,3.39
1126,2025-03-19,206,131,2,2,4.77
1127,2025-03-11,204,1086,2,5,11.13
1128,2025-03-14,203,941,2,4,7.63
1129,2025-03-09,302,973,2,3,9.86
1130,2025-03-08,101,694,2,4,13.57
1131,2025-03-03,301,765,2,3,15.11
1132,2025-03-18,303,214,2,5,13.78
1133,2025-03-04,302,321,2,2,6.57
1134,2025-03-18,101,536,2,1,3.39
1135,2025-03-11,201,653,2,6,12.4
1136,2025-03-28,201,723,2,6,12.4
1137,2025-03-05,102,1417,2,5,15.11
1138,2025-03-25,303,775,2,1,2.76
1139,2025-03-26,103,1020,2,3,13.04
1140,2025-03-25,304,37,2,5,9.8
1141,2025-03-25,204,415,2,5,11.13
1142,2025-03-08,303,557,2,2,5.51
1143,2025-03-19,204,1426,2,5,11.13
1144,2025-03-27,302,1185,2,6,19.72
1145,2025-03-11,201,500,2,1,2.07
1146,2025-03-14,203,557,2,6,11.45
1147,2025-03-01,203,960,2,5,9.54
1148,2025-03-10,101,28,2,2,6.78
1149,2025-03-27,205,909,2,6,22.26
1150,2025-03-14,201,1020,2,4,8.27
1151,2025-03-01,201,1132,3,5,10.34
1152,2025-03-05,301,617,3,2,10.07
1153,2025-03-20,203,1148,3,5,9.54
1154,2025-03-07,302,721,3,4,13.14
1155,2025-03-07,101,910,3,4,13.57
1156,2025-03-15,101,1289,3,5,16.96
1157,2025-03-06,302,206,3,1,3.29
1158,2025-03-02,206,1362,3,2,4.77
1159,2025-03-06,204,359,3,1,2.23
1160,2025-03-10,101,368,3,4,13.57
1161,2025-03-17,103,136,3,6,26.08
1162,2025-03-17,202,16,3,3,7.63
1163,2025-03-13,102,279,3,4,12.08
1164,2025-03-18,304,777,3,2,3.92
1165,2025-03-13,202,368,3,1,2.54
1166,2025-03-10,101,805,3,2,6.78
1167,2025-03-16,302,282,3,6,19.72
1168,2025-03-19,204,365,3,3,6.68
1169,2025-03-15,202,499,3,6,15.26
1170,2025-03-15,102,118,3,2,6.04
1171,2025-03-26,302,439,3,5,16.43
1172,2025-03-16,202,876,3,5,12.72
1173,2025-03-24,202,185,3,1,2.54
1174,2025-03-12,201,1380,3,4,8.27
1175,2025-03-13,302,1232,3,3,9.86
1176,2025-03-14,302,449,3,2,6.57
1177,2025-03-24,102,805,3,5,15.11
1178,2025-03-06,202,1372,3,6,15.26
1179,2025-03-23,203,88,3,4,7.63
1180,2025-03-09,103,1265,3,2,8.69
1181,2025-03-03,203,1372,3,6,11.45
1182,2025-03-16,301,767,3,2,10.07
1183,2025-03-04,304,687,3,5,9.8
1184,2025-03-17,101,1493,3,1,3.39
1185,2025-03-15,301,289,3,4,20.14
1186,2025-03-02,201,877,3,5,10.34
1187,2025-03-23,101,1341,3,6,20.35
1188,2025-03-11,301,1460,3,4,20.14
1189,2025-03-13,201,66,3,2,4.13
1190,2025-03-23,101,251,3,1,3.39
1191,2025-03-15,201,925,3,6,12.4
1192,2025-03-18,202,1313,3,1,2.54
1193,2025-03-05,103,893,3,4,17.38
1194,2025-03-06,302,33,3,2,6.57
1195,2025-03-10,204,229,3,2,4.45
1196,2025-03-06,202,150,3,4,10.18
1197,2025-03-22,206,490,3,1,2.39
1198,2025-03-06,102,385,3,3,9.06
1199,2025-03-18,301,385,3,6,30.21
1200,2025-03-27,202,1279,3,1,2.54
1201,2025-03-22,302,1401,3,6,19.72
1202,2025-03-13,206,1363,3,1,2.39
1203,2025-03-20,201,6,3,1,2.07
1204,2025-03-25,101,365,3,4,13.57
1205,2025-03-08,303,360,3,3,8.27
1206,2025-03-01,101,23,3,4,13.57
1207,2025-03-22,201,1328,3,2,4.13
1208,2025-03-26,101,1323,3,1,3.39
1209,2025-03-02,102,774,3,2,6.04
1210,2025-03-11,202,1110,3,3,7.63
1211,2025-03-07,205,1069,3,5,18.55
1212,2025-03-04,201,417,3,4,8.27
1213,2025-03-11,102,316,3,3,9.06
1214,2025-03-11,101,22,3,6,20.35
1215,2025-03-08,201,122,3,4,8.27
1216,2025-03-21,206,1254,3,3,7.16
1217,2025-03-07,201,767,3,1,2.07
1218,2025-03-16,201,205,3,5,10.34
1219,2025-03-06,301,453,3,5,25.18
1220,2025-03-11,303,1274,3,5,13.78
1221,2025-03-25,301,1369,3,6,30.21
1222,2025-03-21,101,1486,3,2,6.78
1223,2025-03-28,302,1327,3,3,9.86
1224,2025-03-01,202,1225,3,3,7.63
1225,2025-03-13,302,988,3,4,13.14
1226,2025-03-17,205,1179,3,2,7.42
1227,2025-03-08,301,34,3,1,5.04
1228,2025-03-10,205,425,3,1,3.71
1229,2025-03-20,301,159,3,2,10.07
1230,2025-03-16,101,545,3,3,10.18
1231,2025-03-07,102,1290,3,4,12.08
1232,2025-03-20,101,837,3,6,20.35
1233,2025-03-05,301,509,3,3,15.11
1234,2025-03-17,201,774,3,1,2.07
1235,2025-03-25,206,39,3,3,7.16
1236,2025-03-11,103,636,3,6,26.08
1237,2025-03-02,103,1323,3,5,21.73
1238,2025-03-23,304,1408,3,6,11.77
1239,2025-03-17,103,593,3,4,17.38
1240,2025-03-01,102,122,3,6,18.13
1241,2025-03-07,302,104,3,1,3.29
1242,2025-03-07,205,233,3,2,7.42
1243,2025-03-18,101,366,3,5,16.96
1244,2025-03-14,103,1416,3,1,4.35
1245,2025-03-24,202,359,3,2,5.09
1246,2025-03-20,103,449,3,2,8.69
1247,2025-03-15,201,1279,3,5,10.34
1248,2025-03-03,102,669,3,4,12.08
1249,2025-03-16,201,820,3,2,4.13
1250,2025-03-24,201,805,3,5,10.34
1251,2025-03-01,301,1487,3,4,20.14
1252,2025-03-25,201,549,3,1,2.07
1253,2025-03-18,204,1428,3,2,4.45
1254,2025-03-15,102,558,3,4,12.08
1255,2025-03-18,202,1222,3,4,10.18
1256,2025-03-05,202,1401,3,3,7.63
1257,2025-03-07,202,6,3,2,5.09
1258,2025-03-24,101,1416,3,5,16.96
1259,2025-03-14,201,730,3,4,8.27
1260,2025-03-13,304,944,3,3,5.88
1261,2025-03-03,201,763,3,5,10.34
1262,2025-03-13,302,1118,3,1,3.29
1263,2025-03-09,102,1497,3,4,12.08
1264,2025-03-12,302,984,3,6,19.72
1265,2025-03-23,301,687,3,6,30.21
1266,2025-03-13,301,788,3,6,30.21
1267,2025-03-16,301,62,3,2,10.07
1268,2025-03-21,302,1387,3,3,9.86
1269,2025-03-22,206,1294,3,6,14.31
1270,2025-03-15,102,1356,3,5,15.11
1271,2025-03-20,102,1170,3,2,6.04
1272,2025-03-01,303,224,3,2,5.51
1273,2025-03-23,301,709,3,6,30.21
1274,2025-03-03,201,1008,3,5,10.34
1275,2025-03-27,303,1129,4,2,5.51
1276,2025-03-17,201,1339,4,3,6.2
1277,2025-03-19,206,829,4,4,9.54
1278,2025-03-28,301,237,4,6,30.21
1279,2025-03-25,101,947,4,5,16.96
1280,2025-03-24,301,541,4,3,15.11
1281,2025-03-23,303,829,4,4,11.02
1282,2025-03-27,101,1249,4,2,6.78
1283,2025-03-25,101,1119,4,1,3.39
1284,2025-03-10,202,1133,4,6,15.26
1285,2025-03-06,101,332,4,3,10.18
1286,2025-03-17,102,299,4,2,6.04
1287,2025-03-06,202,529,4,2,5.09
1288,2025-03-26,101,503,4,2,6.78
1289,2025-03-15,201,297,4,4,8.27
1290,2025-03-03,303,790,4,2,5.51
1291,2025-03-09,101,168,4,1,3.39
1292,2025-03-08,201,1219,4,5,10.34
1293,2025-03-01,202,167,4,1,2.54
1294,2025-03-22,201,1479,4,1,2.07
1295,2025-03-04,301,566,4,1,5.04
1296,2025-03-13,202,1315,4,1,2.54
1297,2025-03-16,304,1212,4,3,5.88
1298,2025-03-14,301,922,4,5,25.18
1299,2025-03-11,201,647,4,3,6.2
1300,2025-03-13,303,1036,4,6,16.54
1301,2025-03-28,205,905,4,3,11.13
1302,2025-03-15,301,1078,4,1,5.04
1303,2025-03-01,301,314,4,2,10.07
1304,2025-03-23,303,665,4,3,8.27
1305,2025-03-22,201,1214,4,5,10.34
1306,2025-03-07,202,13,4,6,15.26
1307,2025-03-01,304,1002,4,3,5.88
1308,2025-03-11,303,1162,4,6,16.54
1309,2025-03-13,103,203,4,4,17.38
1310,2025-03-22,201,287,4,4,8.27
1311,2025-03-20,301,507,4,3,15.11
1312,2025-03-19,301,1275,4,5,25.18
1313,2025-03-26,101,230,4,4,13.57
1314,2025-03-18,201,1194,4,6,12.4
1315,2025-03-04,101,1231,4,4,13.57
1316,2025-03-08,206,566,4,2,4.77
1317,2025-03-23,101,237,4,6,20.35
1318,2025-03-01,101,408,4,6,20.35
1319,2025-03-13,303,750,4,3,8.27
1320,2025-03-22,103,1214,4,3,13.04
1321,2025-03-04,303,335,4,6,16.54
1322,2025-03-24,303,1249,4,6,16.54
1323,2025-03-11,101,595,4,6,20.35
1324,2025-03-03,303,946,4,5,13.78
1325,2025-03-24,201,1046,4,6,12.4
1326,2025-03-28,206,1142,4,5,11.93
1327,2025-03-09,301,304,4,2,10.07
1328,2025-03-03,201,938,4,1,2.07
1329,2025-03-24,301,304,4,2,10.07
1330,2025-03-28,204,839,4,2,4.45
1331,2025-03-24,303,8,4,5,13.78
1332,2025-03-18,201,502,4,5,10.34
1333,2025-03-11,302,1007,4,4,13.14
1334,2025-03-17,301,1498,4,2,10.07
1335,2025-03-01,103,1343,4,4,17.38
1336,2025-03-05,302,791,4,3,9.86
1337,2025-03-22,302,1180,4,4,13.14
1338,2025-03-05,101,95,4,3,10.18
1339,2025-03-17,204,315,4,3,6.68
1340,2025-03-19,201,1219,4,6,12.4
1341,2025-03-16,205,783,4,2,7.42
1342,2025-03-02,301,907,4,4,20.14
1343,2025-03-07,101,602,4,6,20.35
1344,2025-03-28,301,476,4,1,5.04
1345,2025-03-13,302,796,4,6,19.72
1346,2025-03-28,304,407,4,6,11.77
1347,2025-03-13,304,922,4,5,9.8
1348,2025-03-12,202,1059,4,4,10.18
1349,2025-03-24,201,752,4,5,10.34
1350,2025-03-23,201,1370,4,2,4.13
1351,2025-03-11,202,1475,4,2,5.09
1352,2025-03-28,303,818,4,1,2.76
1353,2025-03-19,202,337,4,2,5.09
1354,2025-03-10,202,358,4,4,10.18
1355,2025-03-07,102,25,4,6,18.13
1356,2025-03-04,201,362,4,5,10.34
1357,2025-03-22,201,442,4,4,8.27
1358,2025-03-12,303,1212,4,1,2.76
1359,2025-03-04,102,1297,4,1,3.02
1360,2025-03-14,206,367,4,5,11.93
1361,2025-03-08,205,95,4,4,14.84
1362,2025-03-16,101,804,4,4,13.57
1363,2025-03-21,301,1033,4,2,10.07
1364,2025-03-22,301,237,4,6,30.21
1365,2025-03-13,301,744,4,6,30.21
1366,2025-03-12,205,29,4,4,14.84
1367,2025-03-04,101,1247,4,1,3.39
1368,2025-03-08,205,57,4,5,18.55
1369,2025-03-16,204,744,4,5,11.13
1370,2025-03-26,301,482,4,1,5.04
1371,2025-03-23,201,1141,4,6,12.4
1372,2025-03-04,201,889,4,2,4.13
1373,2025-03-06,101,1089,4,5,16.96
1374,2025-03-13,301,1396,4,1,5.04
1375,2025-03-16,301,168,4,5,25.18
1376,2025-03-18,202,315,4,5,12.72
1377,2025-04-06,304,1034,1,1,2.02
1378,2025-04-18,301,814,1,1,5.18
1379,2025-04-02,302,209,1,1,3.38
1380,2025-04-06,204,112,1,6,13.73
1381,2025-04-03,204,188,1,1,2.29
1382,2025-04-18,203,320,1,3,5.89
1383,2025-04-01,202,440,1,6,15.7
1384,2025-04-26,201,547,1,5,10.63
1385,2025-04-05,301,995,1,4,20.71
1386,2025-04-17,203,626,1,3,5.89
1387,2025-04-07,205,1210,1,5,19.08
1388,2025-04-08,101,55,1,1,3.49
1389,2025-04-28,102,392,1,3,9.32
1390,2025-04-18,303,392,1,5,14.17
1391,2025-04-05,205,1272,1,3,11.45
1392,2025-04-18,206,477,1,1,2.45
1393,2025-04-06,103,716,1,6,26.81
1394,2025-04-22,203,781,1,3,5.89
1395,2025-04-18,303,382,1,2,5.67
1396,2025-04-09,101,1090,1,6,20.93
1397,2025-04-23,301,674,1,2,10.36
1398,2025-04-27,204,894,1,6,13.73
1399,2025-04-27,205,264,1,4,15.26
1400,2025-04-13,201,44,1,4,8.5
1401,2025-04-03,303,511,1,2,5.67
1402,2025-04-22,101,948,1,1,3.49
1403,2025-04-21,201,112,1,3,6.38
1404,2025-04-25,201,511,1,3,6.38
1405,2025-04-09,101,11,1,2,6.98
1406,2025-04-13,101,156,1,2,6.98
1407,2025-04-06,301,927,1,1,5.18
1408,2025-04-19,301,1472,1,3,15.53
1409,2025-04-12,203,1233,1,5,9.81
1410,2025-04-18,204,511,1,3,6.87
1411,2025-04-06,205,577,1,1,3.82
1412,2025-04-06,303,616,1,4,11.34
1413,2025-04-26,302,936,1,6,20.27
1414,2025-04-16,203,1028,1,4,7.85
1415,2025-04-22,101,911,1,1,3.49
1416,2025-04-05,301,248,1,6,31.07
1417,2025-04-09,201,72,1,6,12.75
1418,2025-04-12,303,1244,1,6,17.0
1419,2025-04-20,301,780,1,6,31.07
1420,2025-04-15,301,626,1,2,10.36
1421,2025-04-10,302,513,1,5,16.89
1422,2025-04-23,303,412,1,5,14.17
1423,2025-04-10,201,749,1,1,2.13
1424,2025-04-21,301,101,1,1,5.18
1425,2025-04-03,101,312,1,2,6.98
1426,2025-04-24,204,527,1,1,2.29
1427,2025-04-26,204,11,1,4,9.16
1428,2025-04-22,303,894,1,4,11.34
1429,2025-04-16,303,871,1,2,5.67
1430,2025-04-18,203,1218,1,6,11.77
1431,2025-04-20,101,370,1,1,3.49
1432,2025-04-01,303,1251,1,6,17.0
1433,2025-04-24,202,616,1,5,13.08
1434,2025-04-22,103,935,1,6,26.81
1435,2025-04-20,301,814,1,1,5.18
1436,2025-04-25,303,927,1,6,17.0
1437,2025-04-03,303,656,1,2,5.67
1438,2025-04-12,302,72,1,5,16.89
1439,2025-04-06,202,674,1,4,10.46
1440,2025-04-22,304,440,1,3,6.05
1441,2025-04-10,302,551,1,1,3.38
1442,2025-04-07,203,1,1,3,5.89
1443,2025-04-13,301,392,1,5,25.89
1444,2025-04-17,303,55,1,6,17.0
1445,2025-04-28,303,862,1,5,14.17
1446,2025-04-20,101,836,1,1,3.49
1447,2025-04-04,201,5,1,3,6.38
1448,2025-04-06,201,716,1,6,12.75
1449,2025-04-14,201,863,1,1,2.13
1450,2025-04-17,102,264,1,5,15.53
1451,2025-04-01,201,264,1,4,8.5
1452,2025-04-08,301,852,1,3,15.53
1453,2025-04-12,201,784,1,3,6.38
1454,2025-04-26,302,508,1,5,16.89
1455,2025-04-22,101,808,1,4,13.95
1456,2025-04-24,101,802,1,3,10.46
1457,2025-04-07,101,165,1,6,20.93
1458,2025-04-05,102,712,1,1,3.11
1459,2025-04-02,202,288,1,3,7.85
1460,2025-04-22,301,508,1,4,20.71
1461,2025-04-18,101,869,1,4,13.95
1462,2025-04-05,302,587,1,6,20.27
1463,2025-04-17,301,1270,1,4,20.71
1464,2025-04-05,303,165,1,4,11.34
1465,2025-04-05,303,264,1,1,2.83
1466,2025-04-25,201,1208,1,1,2.13
1467,2025-04-27,102,613,1,6,18.64
1468,2025-04-24,202,11,1,5,13.08
1469,2025-04-10,202,862,1,3,7.85
1470,2025-04-08,101,1065,1,4,13.95
1471,2025-04-06,101,440,1,5,17.44
1472,2025-04-28,201,484,1,1,2.13
1473,2025-04-22,304,784,1,2,4.03
1474,2025-04-26,102,1488,1,6,18.64
1475,2025-04-17,101,1054,1,6,20.93
1476,2025-04-21,102,1090,1,5,15.53
1477,2025-04-05,101,716,1,1,3.49
1478,2025-04-05,101,784,1,2,6.98
1479,2025-04-03,101,72,1,2,6.98
1480,2025-04-23,202,605,2,3,7.85
1481,2025-04-16,102,164,2,4,12.43
1482,2025-04-02,205,795,2,6,22.89
1483,2025-04-09,101,902,2,3,10.46
1484,2025-04-11,302,143,2,2,6.76
1485,2025-04-02,102,832,2,1,3.11
1486,2025-04-09,102,276,2,4,12.43
1487,2025-04-16,203,932,2,3,5.89
1488,2025-04-04,201,43,2,1,2.13
1489,2025-04-11,302,924,2,2,6.76
1490,2025-04-24,302,1376,2,3,10.14
1491,2025-04-21,301,724,2,2,10.36
1492,2025-04-03,102,283,2,4,12.43
1493,2025-04-20,101,323,2,6,20.93
1494,2025-04-27,101,505,2,6,20.93
1495,2025-04-04,102,198,2,4,12.43
1496,2025-04-11,304,782,2,5,10.08
1497,2025-04-18,302,426,2,2,6.76
1498,2025-04-14,101,1424,2,2,6.98
1499,2025-04-12,302,934,2,5,16.89
1500,2025-04-04,203,1111,2,6,11.77
1501,2025-04-17,101,1303,2,4,13.95
1502,2025-04-20,302,722,2,2,6.76
1503,2025-04-10,302,138,2,2,6.76
1504,2025-04-26,304,504,2,1,2.02
1505,2025-04-16,302,1385,2,4,13.52
1506,2025-04-06,303,1113,2,1,2.83
1507,2025-04-18,302,990,2,4,13.52
1508,2025-04-07,202,489,2,3,7.85
1509,2025-04-07,101,28,2,5,17.44
1510,2025-04-15,303,1303,2,5,14.17
1511,2025-04-09,302,793,2,5,16.89
1512,2025-04-23,303,702,2,3,8.5
1513,2025-04-08,301,138,2,2,10.36
1514,2025-04-02,206,410,2,3,7.36
1515,2025-04-05,304,708,2,3,6.05
1516,2025-04-21,303,649,2,1,2.83
1517,2025-04-18,304,307,2,2,4.03
1518,2025-04-21,101,942,2,3,10.46
1519,2025-04-18,201,691,2,6,12.75
1520,2025-04-20,302,765,2,4,13.52
1521,2025-04-21,201,30,2,1,2.13
1522,2025-04-24,302,731,2,2,6.76
1523,2025-04-18,102,283,2,1,3.11
1524,2025-04-13,302,678,2,6,20.27
1525,2025-04-20,303,1425,2,6,17.0
1526,2025-04-08,102,843,2,4,12.43
1527,2025-04-21,103,1001,2,5,22.35
1528,2025-04-24,101,1106,2,2,6.98
1529,2025-04-03,201,1283,2,4,8.5
1530,2025-04-27,102,469,2,2,6.21
1531,2025-04-24,102,474,2,4,12.43
1532,2025-04-10,301,445,2,1,5.18
1533,2025-04-22,303,500,2,4,11.34
1534,2025-04-14,101,642,2,1,3.49
1535,2025-04-13,204,274,2,6,13.73
1536,2025-04-24,302,37,2,2,6.76
1537,2025-04-13,301,68,2,4,20.71
1538,2025-04-25,101,134,2,1,3.49
1539,2025-04-09,101,399,2,1,3.49
1540,2025-04-01,304,28,2,5,10.08
1541,2025-04-18,304,874,2,1,2.02
1542,2025-04-07,303,394,2,1,2.83
1543,2025-04-15,204,446,2,5,11.45
1544,2025-04-05,201,637,2,4,8.5
1545,2025-04-09,101,1417,2,6,20.93
1546,2025-04-04,101,1418,2,1,3.49
1547,2025-04-27,201,1058,2,5,10.63
1548,2025-04-01,101,600,2,2,6.98
1549,2025-04-12,203,747,2,2,3.92
1550,2025-04-13,103,303,2,6,26.81
1551,2025-04-08,205,277,2,1,3.82
1552,2025-04-12,304,208,2,3,6.05
1553,2025-04-12,301,223,2,1,5.18
1554,2025-04-05,303,471,2,5,14.17
1555,2025-04-20,203,475,2,3,5.89
1556,2025-04-22,302,782,2,2,6.76
1557,2025-04-12,301,280,2,3,15.53
1558,2025-04-22,103,942,2,4,17.88
1559,2025-04-26,303,208,2,6,17.0
1560,2025-04-25,302,409,2,2,6.76
1561,2025-04-15,201,1226,2,4,8.5
1562,2025-04-19,302,1091,2,1,3.38
1563,2025-04-05,304,240,2,3,6.05
1564,2025-04-06,201,978,2,2,4.25
1565,2025-04-14,201,1235,2,4,8.5
1566,2025-04-20,302,866,2,4,13.52
1567,2025-04-08,101,975,2,6,20.93
1568,2025-04-18,202,1386,2,4,10.46
1569,2025-04-27,205,604,2,5,19.08
1570,2025-04-23,201,1077,2,5,10.63
1571,2025-04-26,206,581,2,6,14.72
1572,2025-04-12,302,10,2,2,6.76
1573,2025-04-12,102,1444,2,1,3.11
1574,2025-04-04,204,162,2,2,4.58
1575,2025-04-28,303,394,2,3,8.5
1576,2025-04-27,201,1425,2,2,4.25
1577,2025-04-08,304,560,2,4,8.07
1578,2025-04-24,302,389,2,1,3.38
1579,2025-04-23,101,399,2,6,20.93
1580,2025-04-23,201,1084,2,1,2.13
1581,2025-04-04,201,195,2,6,12.75
1582,2025-04-28,204,433,2,5,11.45
1583,2025-04-05,101,214,2,3,10.46
1584,2025-04-19,103,1062,2,1,4.47
1585,2025-04-16,101,395,2,2,6.98
1586,2025-04-10,302,1202,2,6,20.27
1587,2025-04-15,202,43,2,3,7.85
1588,2025-04-02,103,85,2,2,8.94
1589,2025-04-17,301,443,2,2,10.36
1590,2025-04-22,101,1161,2,4,13.95
1591,2025-04-19,301,1299,2,3,15.53
1592,2025-04-14,201,430,2,2,4.25
1593,2025-04-17,103,965,2,1,4.47
1594,2025-04-20,301,109,3,4,20.71
1595,2025-04-27,103,1460,3,2,8.94
1596,2025-04-27,304,150,3,5,10.08
1597,2025-04-16,302,574,3,4,13.52
1598,2025-04-27,206,701,3,4,9.81
1599,2025-04-21,102,788,3,3,9.32
1600,2025-04-04,102,150,3,1,3.11
1601,2025-04-01,201,428,3,3,6.38
1602,2025-04-04,201,122,3,5,10.63
1603,2025-04-25,102,567,3,1,3.11
1604,2025-04-21,102,58,3,2,6.21
1605,2025-04-19,103,1118,3,1,4.47
1606,2025-04-02,101,93,3,4,13.95
1607,2025-04-01,201,666,3,3,6.38
1608,2025-04-17,301,356,3,4,20.71
1609,2025-04-24,201,666,3,4,8.5
1610,2025-04-22,304,199,3,6,12.1
1611,2025-04-17,201,201,3,6,12.75
1612,2025-04-01,202,1179,3,2,5.23
1613,2025-04-19,302,66,3,4,13.52
1614,2025-04-22,201,880,3,2,4.25
1615,2025-04-03,101,1402,3,6,20.93
1616,2025-04-26,103,1356,3,2,8.94
1617,2025-04-06,206,957,3,6,14.72
1618,2025-04-20,202,1306,3,6,15.7
1619,2025-04-15,202,241,3,3,7.85
1620,2025-04-20,201,799,3,3,6.38
1621,2025-04-25,101,1357,3,6,20.93
1622,2025-04-20,201,1222,3,2,4.25
1623,2025-04-19,101,1265,3,2,6.98
1624,2025-04-26,304,23,3,1,2.02
1625,2025-04-18,101,176,3,3,10.46
1626,2025-04-11,202,311,3,4,10.46
1627,2025-04-03,303,517,3,2,5.67
1628,2025-04-03,204,140,3,3,6.87
1629,2025-04-09,102,900,3,4,12.43
1630,2025-04-21,304,255,3,4,8.07
1631,2025-04-16,303,67,3,5,14.17
1632,2025-04-13,201,763,3,3,6.38
1633,2025-04-05,302,820,3,6,20.27
1634,2025-04-11,201,693,3,5,10.63
1635,2025-04-17,101,847,3,4,13.95
1636,2025-04-02,201,1243,3,6,12.75
1637,2025-04-24,304,438,3,1,2.02
1638,2025-04-01,301,275,3,5,25.89
1639,2025-04-13,302,282,3,3,10.14
1640,2025-04-08,203,717,3,1,1.96
1641,2025-04-03,302,650,3,6,20.27
1642,2025-04-18,202,885,3,6,15.7
1643,2025-04-24,101,212,3,2,6.98
1644,2025-04-25,302,805,3,4,13.52
1645,2025-04-03,102,580,3,3,9.32
1646,2025-04-16,201,378,3,5,10.63
1647,2025-04-04,301,509,3,4,20.71
1648,2025-04-05,202,891,3,5,13.08
1649,2025-04-11,102,1132,3,2,6.21
1650,2025-04-25,101,701,3,5,17.44
1651,2025-04-26,101,799,3,3,10.46
1652,2025-04-02,304,378,3,2,4.03
1653,2025-04-14,302,488,3,6,20.27
1654,2025-04-03,201,258,3,2,4.25
1655,2025-04-03,101,546,3,4,13.95
1656,2025-04-28,302,777,3,4,13.52
1657,2025-04-09,202,340,3,6,15.7
1658,2025-04-14,302,636,3,1,3.38
1659,2025-04-06,303,359,3,3,8.5
1660,2025-04-16,201,910,3,4,8.5
1661,2025-04-23,202,811,3,2,5.23
1662,2025-04-19,201,720,3,6,12.75
1663,2025-04-26,302,1206,3,5,16.89
1664,2025-04-22,102,1170,3,6,18.64
1665,2025-04-22,205,1437,3,3,11.45
1666,2025-04-24,301,580,3,6,31.07
1667,2025-04-05,101,955,3,4,13.95
1668,2025-04-26,302,1341,3,1,3.38
1669,2025-04-24,201,4,3,5,10.63
1670,2025-04-21,304,847,3,2,4.03
1671,2025-04-04,205,63,3,5,19.08
1672,2025-04-14,103,1371,3,2,8.94
1673,2025-04-20,203,697,3,2,3.92
1674,2025-04-07,103,1353,3,2,8.94
1675,2025-04-12,204,681,3,1,2.29
1676,2025-04-17,101,229,3,3,10.46
1677,2025-04-15,301,772,3,6,31.07
1678,2025-04-27,201,1069,3,3,6.38
1679,2025-04-04,201,330,3,3,6.38
1680,2025-04-06,202,1097,3,3,7.85
1681,2025-04-14,204,707,3,5,11.45
1682,2025-04-23,201,1356,3,6,12.75
1683,2025-04-23,202,1243,3,3,7.85
1684,2025-04-03,303,206,3,1,2.83
1685,2025-04-20,101,767,3,1,3.49
1686,2025-04-25,101,1254,3,6,20.93
1687,2025-04-21,302,837,3,1,3.38
1688,2025-04-22,202,532,3,1,2.62
1689,2025-04-08,302,855,3,2,6.76
1690,2025-04-07,203,891,3,1,1.96
1691,2025-04-26,303,880,3,3,8.5
1692,2025-04-23,303,1066,4,6,17.0
1693,2025-04-26,101,595,4,3,10.46
1694,2025-04-22,202,714,4,3,7.85
1695,2025-04-22,201,654,4,4,8.5
1696,2025-04-02,101,40,4,4,13.95
1697,2025-04-27,101,1308,4,3,10.46
1698,2025-04-11,301,912,4,5,25.89
1699,2025-04-14,101,654,4,5,17.44
1700,2025-04-07,203,1060,4,4,7.85
1701,2025-04-14,302,318,4,5,16.89
1702,2025-04-24,303,455,4,4,11.34
1703,2025-04-17,202,407,4,3,7.85
1704,2025-04-23,202,317,4,1,2.62
1705,2025-04-19,202,1059,4,6,15.7
1706,2025-04-09,302,1389,4,6,20.27
1707,2025-04-07,101,246,4,3,10.46
1708,2025-04-01,101,375,4,4,13.95
1709,2025-04-18,101,202,4,6,20.93
1710,2025-04-24,204,325,4,1,2.29
1711,2025-04-21,304,994,4,6,12.1
1712,2025-04-08,102,794,4,6,18.64
1713,2025-04-24,102,1036,4,2,6.21
1714,2025-04-02,301,744,4,6,31.07
1715,2025-04-21,101,57,4,2,6.98
1716,2025-04-28,205,291,4,5,19.08
1717,2025-04-04,101,293,4,5,17.44
1718,2025-04-06,101,246,4,3,10.46
1719,2025-04-27,101,538,4,3,10.46
1720,2025-04-26,201,57,4,4,8.5
1721,2025-04-21,202,197,4,4,10.46
1722,2025-04-13,102,839,4,4,12.43
1723,2025-04-26,205,408,4,4,15.26
1724,2025-04-06,102,1443,4,1,3.11
1725,2025-04-04,205,946,4,1,3.82
1726,2025-04-20,304,1364,4,4,8.07
1727,2025-04-24,101,672,4,5,17.44
1728,2025-04-20,303,86,4,2,5.67
1729,2025-04-17,203,375,4,5,9.81
1730,2025-04-04,103,585,4,3,13.41
1731,2025-04-08,101,210,4,2,6.98
1732,2025-04-09,301,744,4,2,10.36
1733,2025-04-12,202,1383,4,1,2.62
1734,2025-04-24,206,1255,4,4,9.81
1735,2025-04-07,202,670,4,4,10.46
1736,2025-04-28,101,750,4,6,20.93
1737,2025-04-19,303,1484,4,1,2.83
1738,2025-04-24,201,1246,4,2,4.25
1739,2025-04-14,202,743,4,4,10.46
1740,2025-04-04,301,1048,4,5,25.89
1741,2025-04-12,202,1032,4,5,13.08
1742,2025-04-15,303,422,4,1,2.83
1743,2025-04-09,303,1484,4,5,14.17
1744,2025-04-27,202,1334,4,5,13.08
1745,2025-04-04,201,482,4,1,2.13
1746,2025-04-26,301,497,4,4,20.71
1747,2025-04-07,201,1031,4,1,2.13
1748,2025-04-04,201,25,4,3,6.38
1749,2025-04-23,201,903,4,1,2.13
1750,2025-04-26,102,878,4,5,15.53
1751,2025-04-03,303,1051,4,5,14.17
1752,2025-04-17,201,585,4,2,4.25
1753,2025-04-23,101,193,4,3,10.46
1754,2025-04-14,204,1141,4,6,13.73
1755,2025-04-07,201,522,4,3,6.38
1756,2025-04-16,101,123,4,4,13.95
1757,2025-04-04,304,315,4,4,8.07
1758,2025-04-11,202,1498,4,5,13.08
1759,2025-04-01,201,753,4,5,10.63
1760,2025-04-01,101,1187,4,5,17.44
1761,2025-04-02,201,1340,4,4,8.5
1762,2025-04-11,303,45,4,1,2.83
1763,2025-04-27,101,1117,4,1,3.49
1764,2025-04-11,301,958,4,3,15.53
1765,2025-04-25,202,839,4,5,13.08
1766,2025-04-13,202,794,4,1,2.62
1767,2025-04-16,301,314,4,4,20.71
1768,2025-04-04,302,79,4,5,16.89
1769,2025-04-05,103,292,4,1,4.47
1770,2025-04-24,304,1142,4,6,12.1
1771,2025-04-07,103,1016,4,1,4.47
1772,2025-04-01,301,126,4,5,25.89
1773,2025-04-04,201,124,4,1,2.13
1774,2025-04-09,303,903,4,1,2.83
1775,2025-04-09,301,448,4,4,20.71
1776,2025-04-15,303,309,4,5,14.17
1777,2025-04-25,101,1481,4,2,6.98
1778,2025-04-21,303,1164,4,4,11.34
1779,2025-04-17,206,654,4,5,12.26
1780,2025-04-16,204,750,4,6,13.73
1781,2025-04-16,201,602,4,6,12.75
1782,2025-04-23,101,210,4,3,10.46
1783,2025-04-22,201,534,4,2,4.25
1784,2025-04-16,301,163,4,1,5.18
1785,2025-04-07,102,1194,4,6,18.64
1786,2025-04-16,301,292,4,2,10.36
1787,2025-04-25,201,1325,4,5,10.63
1788,2025-04-25,202,834,4,3,7.85
1789,2025-04-05,301,1275,4,6,31.07
1790,2025-04-08,101,1007,4,2,6.98
1791,2025-04-28,201,1293,4,4,8.5
1792,2025-04-07,102,186,4,4,12.43
1793,2025-04-22,201,829,4,2,4.25
1794,2025-04-21,303,291,4,5,14.17
1795,2025-04-24,101,299,4,1,3.49
1796,2025-04-06,103,715,4,4,17.88
1797,2025-04-17,101,1175,4,6,20.93
1798,2025-04-18,201,221,4,1,2.13
1799,2025-04-05,201,1067,4,2,4.25
1800,2025-04-11,202,128,4,5,13.08
1801,2025-04-04,202,125,4,3,7.85
1802,2025-04-14,206,507,4,6,14.72
1803,2025-04-06,201,745,4,4,8.5
1804,2025-04-17,202,1135,4,4,10.46
1805,2025-04-21,101,665,4,1,3.49
1806,2025-04-04,303,128,4,2,5.67
1807,2025-04-09,303,647,4,5,14.17
1808,2025-05-08,203,1065,1,3,6.05
1809,2025-05-13,301,704,1,4,21.28
1810,2025-05-27,101,1216,1,6,21.5
1811,2025-05-06,103,1430,1,2,9.18
1812,2025-05-10,102,1237,1,6,19.15
1813,2025-05-01,205,133,1,6,23.52
1814,2025-05-20,102,858,1,6,19.15
1815,2025-05-08,301,320,1,6,31.92
1816,2025-05-06,201,361,1,1,2.18
1817,2025-05-05,201,17,1,4,8.74
1818,2025-05-11,301,36,1,4,21.28
1819,2025-05-03,102,320,1,3,9.58
1820,2025-05-20,301,626,1,1,5.32
1821,2025-05-01,304,863,1,5,10.36
1822,2025-05-04,302,64,1,4,13.89
1823,2025-05-22,302,531,1,5,17.36
1824,2025-05-17,302,312,1,5,17.36
1825,2025-05-04,301,552,1,1,5.32
1826,2025-05-15,302,863,1,3,10.42
1827,2025-05-09,301,1139,1,5,26.6
1828,2025-05-15,203,17,1,3,6.05
1829,2025-05-23,302,606,1,3,10.42
1830,2025-05-28,302,1029,1,6,20.83
1831,2025-05-22,203,915,1,3,6.05
1832,2025-05-05,301,769,1,1,5.32
1833,2025-05-05,302,638,1,6,20.83
1834,2025-05-19,203,1287,1,2,4.03
1835,2025-05-12,301,382,1,4,21.28
1836,2025-05-13,301,1099,1,2,10.64
1837,2025-05-21,101,1174,1,3,10.75
1838,2025-05-17,203,329,1,4,8.06
1839,2025-05-12,103,592,1,6,27.55
1840,2025-05-09,201,564,1,4,8.74
1841,2025-05-17,102,1233,1,5,15.96
1842,2025-05-04,201,787,1,5,10.92
1843,2025-05-26,302,1439,1,5,17.36
1844,2025-05-01,201,871,1,1,2.18
1845,2025-05-15,303,1205,1,2,5.82
1846,2025-05-20,101,972,1,3,10.75
1847,2025-05-16,301,527,1,3,15.96
1848,2025-05-01,101,827,1,3,10.75
1849,2025-05-27,101,1028,1,3,10.75
1850,2025-05-10,101,5,1,4,14.34
1851,2025-05-27,202,1,1,6,16.13
1852,2025-05-12,101,519,1,2,7.17
1853,2025-05-22,301,1409,1,5,26.6
1854,2025-05-23,204,511,1,1,2.35
1855,2025-05-07,101,787,1,6,21.5
1856,2025-05-10,204,397,1,1,2.35
1857,2025-05-08,101,1488,1,3,10.75
1858,2025-05-14,301,716,1,4,21.28
1859,2025-05-09,304,552,1,1,2.07
1860,2025-05-19,205,802,1,2,7.84
1861,2025-05-26,301,1021,1,3,15.96
1862,2025-05-09,101,242,1,2,7.17
1863,2025-05-10,202,559,1,2,5.38
1864,2025-05-21,101,842,1,5,17.92
1865,2025-05-26,203,802,1,4,8.06
1866,2025-05-15,101,1216,1,5,17.92
1867,2025-05-23,201,638,1,6,13.1
1868,2025-05-15,203,780,1,4,8.06
1869,2025-05-01,303,974,1,4,11.65
1870,2025-05-03,101,1355,1,4,14.34
1871,2025-05-26,101,437,1,3,10.75
1872,2025-05-05,204,1065,1,3,7.06
1873,2025-05-10,203,72,1,5,10.08
1874,2025-05-05,301,738,1,4,21.28
1875,2025-05-26,301,1404,1,4,21.28
1876,2025-05-27,302,72,1,4,13.89
1877,2025-05-27,101,1131,1,3,10.75
1878,2025-05-04,101,531,1,5,17.92
1879,2025-05-11,204,78,1,6,14.11
1880,2025-05-22,101,894,1,5,17.92
1881,2025-05-23,301,382,1,1,5.32
1882,2025-05-24,203,869,1,5,10.08
1883,2025-05-21,101,264,1,6,21.5
1884,2025-05-24,201,5,1,3,6.55
1885,2025-05-23,302,376,1,5,17.36
1886,2025-05-05,101,1037,1,1,3.58
1887,2025-05-04,302,440,1,5,17.36
1888,2025-05-01,102,886,1,4,12.77
1889,2025-05-04,202,551,1,1,2.69
1890,2025-05-27,201,431,1,2,4.37
1891,2025-05-09,302,1054,1,5,17.36
1892,2025-05-20,301,188,1,6,31.92
1893,2025-05-01,202,361,1,6,16.13
1894,2025-05-22,101,436,1,6,21.5
1895,2025-05-23,101,943,1,6,21.5
1896,2025-05-10,102,531,1,4,12.77
1897,2025-05-16,301,660,1,5,26.6
1898,2025-05-13,301,1218,1,4,21.28
1899,2025-05-14,302,781,1,4,13.89
1900,2025-05-15,101,175,1,3,10.75
1901,2025-05-19,204,552,1,1,2.35
1902,2025-05-20,301,1145,2,6,31.92
1903,2025-05-05,101,1199,2,3,10.75
1904,2025-05-09,303,28,2,4,11.65
1905,2025-05-17,304,1303,2,3,6.22
1906,2025-05-17,102,990,2,6,19.15
1907,2025-05-21,205,421,2,2,7.84
1908,2025-05-19,201,881,2,6,13.1
1909,2025-05-09,204,793,2,2,4.7
1910,2025-05-27,303,1245,2,1,2.91
1911,2025-05-20,201,474,2,4,8.74
1912,2025-05-25,301,1368,2,5,26.6
1913,2025-05-11,103,897,2,6,27.55
1914,2025-05-03,301,138,2,4,21.28
1915,2025-05-06,101,607,2,6,21.5
1916,2025-05-16,101,1223,2,1,3.58
1917,2025-05-25,201,620,2,2,4.37
1918,2025-05-24,101,976,2,2,7.17
1919,2025-05-03,302,166,2,4,13.89
1920,2025-05-02,301,192,2,1,5.32
1921,2025-05-20,203,83,2,3,6.05
1922,2025-05-04,303,1155,2,3,8.74
1923,2025-05-19,201,1436,2,6,13.1
1924,2025-05-16,102,1113,2,3,9.58
1925,2025-05-07,302,444,2,2,6.94
1926,2025-05-26,203,506,2,5,10.08
1927,2025-05-21,101,262,2,1,3.58
1928,2025-05-01,102,923,2,2,6.38
1929,2025-05-18,302,191,2,5,17.36
1930,2025-05-24,201,1375,2,6,13.1
1931,2025-05-19,205,1213,2,2,7.84
1932,2025-05-20,205,1445,2,3,11.76
1933,2025-05-15,303,1091,2,1,2.91
1934,2025-05-19,301,214,2,1,5.32
1935,2025-05-10,101,276,2,5,17.92
1936,2025-05-02,101,1405,2,2,7.17
1937,2025-05-27,201,757,2,2,4.37
1938,2025-05-13,303,917,2,3,8.74
1939,2025-05-10,101,198,2,2,7.17
1940,2025-05-28,206,1348,2,2,5.04
1941,2025-05-10,303,1013,2,5,14.56
1942,2025-05-23,301,298,2,5,26.6
1943,2025-05-21,301,83,2,3,15.96
1944,2025-05-09,101,536,2,4,14.34
1945,2025-05-05,201,543,2,1,2.18
1946,2025-05-11,206,166,2,6,15.12
1947,2025-05-26,103,1457,2,1,4.59
1948,2025-05-27,303,103,2,6,17.47
1949,2025-05-14,201,216,2,1,2.18
1950,2025-05-05,303,710,2,4,11.65
1951,2025-05-02,302,1284,2,1,3.47
1952,2025-05-12,205,1103,2,6,23.52
1953,2025-05-01,204,153,2,2,4.7
1954,2025-05-18,101,968,2,2,7.17
1955,2025-05-01,302,1426,2,6,20.83
1956,2025-05-25,204,965,2,4,9.41
1957,2025-05-23,302,1091,2,4,13.89
1958,2025-05-15,301,319,2,1,5.32
1959,2025-05-12,303,512,2,3,8.74
1960,2025-05-08,201,607,2,1,2.18
1961,2025-05-08,101,1049,2,1,3.58
1962,2025-05-19,302,138,2,5,17.36
1963,2025-05-28,304,652,2,1,2.07
1964,2025-05-02,302,345,2,1,3.47
1965,2025-05-02,203,819,2,3,6.05
1966,2025-05-08,201,761,2,6,13.1
1967,2025-05-16,101,327,2,4,14.34
1968,2025-05-09,301,1417,2,1,5.32
1969,2025-05-24,102,916,2,6,19.15
1970,2025-05-15,303,792,2,2,5.82
1971,2025-05-10,304,641,2,5,10.36
1972,2025-05-11,206,1407,2,3,7.56
1973,2025-05-12,205,1044,2,1,3.92
1974,2025-05-16,302,731,2,5,17.36
1975,2025-05-27,101,1354,2,2,7.17
1976,2025-05-18,103,560,2,6,27.55
1977,2025-05-27,101,398,2,6,21.5
1978,2025-05-23,101,1120,2,2,7.17
1979,2025-05-04,301,68,2,4,21.28
1980,2025-05-09,205,728,2,1,3.92
1981,2025-05-27,301,223,2,3,15.96
1982,2025-05-13,101,1283,2,5,17.92
1983,2025-05-13,101,1143,2,4,14.34
1984,2025-05-13,101,489,2,2,7.17
1985,2025-05-02,301,798,2,5,26.6
1986,2025-05-01,101,870,2,3,10.75
1987,2025-05-26,303,573,2,3,8.74
1988,2025-05-24,302,1106,2,3,10.42
1989,2025-05-24,303,155,2,6,17.47
1990,2025-05-13,302,751,2,5,17.36
1991,2025-05-15,303,1084,2,5,14.56
1992,2025-05-25,301,1349,2,5,26.6
1993,2025-05-15,103,623,2,4,18.37
1994,2025-05-26,302,1357,3,3,10.42
1995,2025-05-08,303,1497,3,1,2.91
1996,2025-05-19,203,730,3,3,6.05
1997,2025-05-12,101,486,3,3,10.75
1998,2025-05-26,206,1225,3,6,15.12
1999,2025-05-19,101,1316,3,3,10.75
2000,2025-05-28,201,334,3,3,6.55
2001,2025-05-15,202,15,3,1,2.69
2002,2025-05-16,202,1282,3,3,8.06
2003,2025-05-14,302,113,3,2,6.94
2004,2025-05-09,204,1227,3,1,2.35
2005,2025-05-15,203,338,3,1,2.02
2006,2025-05-09,201,952,3,3,6.55
2007,2025-05-06,101,263,3,6,21.5
2008,2025-05-02,302,419,3,6,20.83
2009,2025-05-06,101,1360,3,1,3.58
2010,2025-05-19,202,580,3,4,10.75
2011,2025-05-08,101,115,3,6,21.5
2012,2025-05-09,303,26,3,3,8.74
2013,2025-05-18,206,1402,3,3,7.56
2014,2025-05-12,101,212,3,2,7.17
2015,2025-05-04,101,988,3,4,14.34
2016,2025-05-11,101,1136,3,2,7.17
2017,2025-05-14,201,140,3,6,13.1
2018,2025-05-05,205,39,3,3,11.76
2019,2025-05-11,201,762,3,3,6.55
2020,2025-05-16,302,544,3,3,10.42
2021,2025-05-12,205,88,3,2,7.84
2022,2025-05-19,201,41,3,2,4.37
2023,2025-05-26,101,574,3,2,7.17
2024,2025-05-17,202,1171,3,6,16.13
2025,2025-05-13,301,1172,3,2,10.64
2026,2025-05-05,101,707,3,6,21.5
2027,2025-05-03,301,150,3,6,31.92
2028,2025-05-19,303,962,3,2,5.82
2029,2025-05-18,304,1437,3,6,12.43
2030,2025-05-04,201,1040,3,6,13.1
2031,2025-05-16,302,1314,3,5,17.36
2032,2025-05-11,202,486,3,4,10.75
2033,2025-05-10,102,434,3,5,15.96
2034,2025-05-08,201,864,3,3,6.55
2035,2025-05-23,201,432,3,1,2.18
2036,2025-05-12,202,159,3,4,10.75
2037,2025-05-03,201,680,3,5,10.92
2038,2025-05-08,206,844,3,5,12.6
2039,2025-05-19,302,233,3,2,6.94
2040,2025-05-25,302,762,3,2,6.94
2041,2025-05-05,206,1222,3,6,15.12
2042,2025-05-11,201,574,3,3,6.55
2043,2025-05-14,101,966,3,4,14.34
2044,2025-05-16,304,1274,3,5,10.36
2045,2025-05-06,302,855,3,2,6.94
2046,2025-05-14,101,479,3,1,3.58
2047,2025-05-16,301,1456,3,6,31.92
2048,2025-05-27,101,799,3,1,3.58
2049,2025-05-03,101,241,3,2,7.17
2050,2025-05-13,202,786,3,5,13.44
2051,2025-05-23,201,1101,3,4,8.74
2052,2025-05-04,103,631,3,3,13.78
2053,2025-05-19,302,1225,3,3,10.42
2054,2025-05-02,205,141,3,6,23.52
2055,2025-05-15,301,763,3,3,15.96
2056,2025-05-27,205,811,3,6,23.52
2057,2025-05-23,201,250,3,4,8.74
2058,2025-05-25,301,1181,3,6,31.92
2059,2025-05-03,302,267,3,5,17.36
2060,2025-05-19,302,688,3,5,17.36
2061,2025-05-13,206,593,3,4,10.08
2062,2025-05-24,202,1181,3,5,13.44
2063,2025-05-08,201,546,3,1,2.18
2064,2025-05-19,202,1008,3,1,2.69
2065,2025-05-17,302,789,3,5,17.36
2066,2025-05-11,201,1480,3,4,8.74
2067,2025-05-02,102,1440,3,2,6.38
2068,2025-05-07,302,799,3,6,20.83
2069,2025-05-20,202,574,3,5,13.44
2070,2025-05-06,101,225,3,3,10.75
2071,2025-05-15,201,393,3,4,8.74
2072,2025-05-09,302,1222,3,3,10.42
2073,2025-05-22,301,509,3,2,10.64
2074,2025-05-18,101,984,3,2,7.17
2075,2025-05-20,301,67,3,1,5.32
2076,2025-05-18,303,356,3,5,14.56
2077,2025-05-12,101,366,3,1,3.58
2078,2025-05-14,201,1435,3,5,10.92
2079,2025-05-27,202,855,3,2,5.38
2080,2025-05-23,201,1387,3,1,2.18
2081,2025-05-15,302,805,3,1,3.47
2082,2025-05-28,202,254,3,1,2.69
2083,2025-05-22,304,224,3,6,12.43
2084,2025-05-24,304,391,3,1,2.07
2085,2025-05-06,301,977,3,3,15.96
2086,2025-05-21,201,1440,3,4,8.74
2087,2025-05-23,202,1362,3,1,2.69
2088,2025-05-14,201,201,3,1,2.18
2089,2025-05-11,303,348,3,5,14.56
2090,2025-05-27,302,1258,3,6,20.83
2091,2025-05-21,101,15,3,6,21.5
2092,2025-05-28,101,590,4,4,14.34
2093,2025-05-16,206,372,4,3,7.56
2094,2025-05-24,202,1256,4,2,5.38
2095,2025-05-21,201,237,4,2,4.37
2096,2025-05-24,303,568,4,6,17.47
2097,2025-05-16,101,1398,4,1,3.58
2098,2025-05-06,205,106,4,6,23.52
2099,2025-05-20,202,1042,4,3,8.06
2100,2025-05-21,205,961,4,2,7.84
2101,2025-05-06,202,796,4,6,16.13
2102,2025-05-22,302,1241,4,3,10.42
2103,2025-05-13,202,993,4,6,16.13
2104,2025-05-04,203,590,4,3,6.05
2105,2025-05-14,101,1164,4,3,10.75
2106,2025-05-14,201,304,4,6,13.1
2107,2025-05-22,101,301,4,3,10.75
2108,2025-05-23,201,318,4,4,8.74
2109,2025-05-27,301,1247,4,4,21.28
2110,2025-05-08,204,79,4,6,14.11
2111,2025-05-07,201,1100,4,5,10.92
2112,2025-05-09,101,845,4,3,10.75
2113,2025-05-14,202,1070,4,4,10.75
2114,2025-05-09,201,1241,4,1,2.18
2115,2025-05-21,301,123,4,3,15.96
2116,2025-05-08,201,1459,4,4,8.74
2117,2025-05-07,303,299,4,5,14.56
2118,2025-05-20,303,903,4,5,14.56
2119,2025-05-01,101,54,4,5,17.92
2120,2025-05-25,301,907,4,1,5.32
2121,2025-05-03,303,125,4,5,14.56
2122,2025-05-18,202,528,4,3,8.06
2123,2025-05-13,304,612,4,5,10.36
2124,2025-05-12,201,905,4,2,4.37
2125,2025-05-24,202,665,4,5,13.44
2126,2025-05-28,303,54,4,1,2.91
2127,2025-05-04,301,1262,4,5,26.6
2128,2025-05-02,202,402,4,4,10.75
2129,2025-05-08,201,659,4,1,2.18
2130,2025-05-04,101,1036,4,6,21.5
2131,2025-05-27,206,732,4,2,5.04
2132,2025-05-03,303,1275,4,1,2.91
2133,2025-05-14,301,54,4,6,31.92
2134,2025-05-20,101,372,4,5,17.92
2135,2025-05-26,101,1059,4,5,17.92
2136,2025-05-28,102,834,4,5,15.96
2137,2025-05-17,301,57,4,4,21.28
2138,2025-05-07,201,287,4,4,8.74
2139,2025-05-19,201,1197,4,6,13.1
2140,2025-05-03,201,591,4,4,8.74
2141,2025-05-09,304,1236,4,5,10.36
2142,2025-05-18,201,1278,4,6,13.1
2143,2025-05-16,103,1060,4,1,4.59
2144,2025-05-23,303,297,4,5,14.56
2145,2025-05-01,202,1067,4,5,13.44
2146,2025-05-12,301,1219,4,4,21.28
2147,2025-05-10,203,907,4,6,12.1
2148,2025-05-03,101,252,4,6,21.5
2149,2025-05-28,203,1247,4,2,4.03
2150,2025-05-05,204,1088,4,1,2.35
2151,2025-05-17,205,1443,4,4,15.68
2152,2025-05-25,301,1253,4,1,5.32
2153,2025-05-24,201,922,4,3,6.55
2154,2025-05-11,302,1441,4,1,3.47
2155,2025-05-09,204,541,4,1,2.35
2156,2025-05-18,301,1259,4,4,21.28
2157,2025-05-08,201,878,4,6,13.1
2158,2025-05-17,202,1396,4,4,10.75
2159,2025-05-03,303,292,4,6,17.47
2160,2025-05-13,202,318,4,1,2.69
2161,2025-05-17,301,314,4,2,10.64
2162,2025-05-28,101,301,4,4,14.34
2163,2025-05-16,101,448,4,4,14.34
2164,2025-05-16,205,341,4,5,19.6
2165,2025-05-14,301,1070,4,5,26.6
2166,2025-05-14,101,790,4,1,3.58
2167,2025-05-09,301,1318,4,6,31.92
2168,2025-05-19,201,413,4,3,6.55
2169,2025-05-22,101,533,4,5,17.92
2170,2025-05-12,301,1308,4,6,31.92
2171,2025-05-15,204,541,4,4,9.41
2172,2025-05-24,303,335,4,6,17.47
2173,2025-05-27,101,1212,4,6,21.5
2174,2025-05-06,101,367,4,4,14.34
2175,2025-05-10,202,498,4,1,2.69
2176,2025-05-18,102,1183,4,1,3.19
2177,2025-05-20,201,1194,4,1,2.18
2178,2025-05-12,204,1399,4,1,2.35
2179,2025-05-21,303,40,4,3,8.74
2180,2025-05-10,303,1129,4,3,8.74
2181,2025-05-12,204,1088,4,3,7.06
2182,2025-05-18,303,530,4,5,14.56
2183,2025-05-04,101,584,4,2,7.17
2184,2025-05-19,201,291,4,3,6.55
2185,2025-05-19,101,1048,4,5,17.92
2186,2025-05-20,201,745,4,5,10.92
2187,2025-05-28,304,1212,4,6,12.43
2188,2025-05-26,102,621,4,1,3.19
2189,2025-05-26,304,362,4,1,2.07
2190,2025-05-28,101,8,4,4,14.34
2191,2025-05-05,201,1291,4,1,2.18
2192,2025-05-22,301,1197,4,4,21.28
2193,2025-05-25,201,308,4,5,10.92
2194,2025-05-13,103,1051,4,4,18.37
2195,2025-05-10,301,1318,4,3,15.96
2196,2025-05-20,201,568,4,1,2.18
2197,2025-06-23,303,248,1,3,8.97
2198,2025-06-15,302,863,1,5,17.82
2199,2025-06-22,301,175,1,3,16.39
2200,2025-06-21,204,622,1,4,9.66
2201,2025-06-28,102,848,1,3,9.83
2202,2025-06-24,301,781,1,3,16.39
2203,2025-06-07,102,699,1,5,16.39
2204,2025-06-01,201,374,1,6,13.45
2205,2025-06-07,202,5,1,5,13.8
2206,2025-06-04,204,660,1,3,7.25
2207,2025-06-01,303,1043,1,5,14.95
2208,2025-06-09,103,1102,1,6,28.29
2209,2025-06-23,203,1237,1,1,2.07
2210,2025-06-02,103,991,1,6,28.29
2211,2025-06-16,302,1043,1,6,21.39
2212,2025-06-06,206,857,1,4,10.35
2213,2025-06-25,301,943,1,6,32.77
2214,2025-06-12,302,51,1,1,3.56
2215,2025-06-05,205,1237,1,6,24.15
2216,2025-06-03,301,780,1,2,10.92
2217,2025-06-02,302,812,1,1,3.56
2218,2025-06-11,206,133,1,1,2.59
2219,2025-06-28,302,371,1,3,10.7
2220,2025-06-01,206,606,1,6,15.52
2221,2025-06-23,302,320,1,3,10.7
2222,2025-06-24,303,656,1,5,14.95
2223,2025-06-13,203,779,1,6,12.42
2224,2025-06-02,302,89,1,6,21.39
2225,2025-06-05,102,1272,1,5,16.39
2226,2025-06-15,103,64,1,2,9.43
2227,2025-06-23,103,886,1,2,9.43
2228,2025-06-24,201,1,1,6,13.45
2229,2025-06-12,201,175,1,5,11.21
2230,2025-06-27,201,1218,1,5,11.21
2231,2025-06-03,101,173,1,4,14.72
2232,2025-06-24,303,112,1,2,5.98
2233,2025-06-21,102,36,1,5,16.39
2234,2025-06-07,301,1099,1,1,5.46
2235,2025-06-24,201,440,1,1,2.24
2236,2025-06-21,201,370,1,6,13.45
2237,2025-06-05,301,564,1,6,32.77
2238,2025-06-10,101,336,1,6,22.08
2239,2025-06-11,201,769,1,5,11.21
2240,2025-06-09,102,376,1,2,6.55
2241,2025-06-09,102,1218,1,3,9.83
2242,2025-06-16,202,626,1,1,2.76
2243,2025-06-25,204,1102,1,3,7.25
2244,2025-06-22,203,320,1,6,12.42
2245,2025-06-13,101,264,1,5,18.4
2246,2025-06-23,203,802,1,2,4.14
2247,2025-06-26,201,527,1,6,13.45
2248,2025-06-17,102,971,1,6,19.66
2249,2025-06-03,302,911,1,3,10.7
2250,2025-06-07,301,848,1,3,16.39
2251,2025-06-17,103,1138,1,1,4.71
2252,2025-06-05,206,848,1,4,10.35
2253,2025-06-19,205,690,1,3,12.07
2254,2025-06-11,301,1233,1,1,5.46
2255,2025-06-28,101,11,1,3,11.04
2256,2025-06-11,101,611,1,4,14.72
2257,2025-06-06,206,638,1,1,2.59
2258,2025-06-18,201,361,1,4,8.97
2259,2025-06-26,301,1063,1,4,21.85
2260,2025-06-23,203,802,1,5,10.35
2261,2025-06-27,301,437,1,4,21.85
2262,2025-06-20,103,611,1,3,14.14
2263,2025-06-10,203,60,1,4,8.28
2264,2025-06-25,304,886,1,2,4.25
2265,2025-06-25,101,508,1,4,14.72
2266,2025-06-19,303,51,1,4,11.96
2267,2025-06-10,101,1029,1,2,7.36
2268,2025-06-07,303,986,1,5,14.95
2269,2025-06-22,301,606,1,2,10.92
2270,2025-06-03,301,564,1,1,5.46
2271,2025-06-26,301,616,1,2,10.92
2272,2025-06-15,203,1,1,2,4.14
2273,2025-06-06,301,552,1,2,10.92
2274,2025-06-08,201,382,1,2,4.48
2275,2025-06-08,202,264,1,6,16.56
2276,2025-06-01,301,858,1,3,16.39
2277,2025-06-16,101,948,1,1,3.68
2278,2025-06-07,301,852,1,6,32.77
2279,2025-06-23,301,437,1,4,21.85
2280,2025-06-13,301,209,1,1,5.46
2281,2025-06-13,201,1410,1,2,4.48
2282,2025-06-27,201,1151,1,3,6.73
2283,2025-06-20,301,704,1,4,21.85
2284,2025-06-16,203,1150,1,3,6.21
2285,2025-06-01,301,397,1,5,27.31
2286,2025-06-25,302,431,1,2,7.13
2287,2025-06-17,201,1,1,3,6.73
2288,2025-06-03,205,1122,1,4,16.1
2289,2025-06-07,102,64,1,4,13.11
2290,2025-06-03,102,611,1,4,13.11
2291,2025-06-14,201,259,1,2,4.48
2292,2025-06-22,201,861,1,4,8.97
2293,2025-06-06,101,288,1,4,14.72
2294,2025-06-27,201,158,1,5,11.21
2295,2025-06-12,203,1208,1,1,2.07
2296,2025-06-28,301,738,1,6,32.77
2297,2025-06-19,101,1317,2,2,7.36
2298,2025-06-01,201,1257,2,4,8.97
2299,2025-06-13,301,1079,2,6,32.77
2300,2025-06-14,302,679,2,3,10.7
2301,2025-06-20,302,1157,2,1,3.56
2302,2025-06-23,205,868,2,4,16.1
2303,2025-06-04,303,473,2,3,8.97
2304,2025-06-25,304,975,2,5,10.64
2305,2025-06-05,303,24,2,1,2.99
2306,2025-06-19,201,679,2,6,13.45
2307,2025-06-24,102,1161,2,5,16.39
2308,2025-06-10,203,117,2,4,8.28
2309,2025-06-15,101,939,2,4,14.72
2310,2025-06-22,101,945,2,5,18.4
2311,2025-06-22,103,768,2,3,14.14
2312,2025-06-18,302,698,2,1,3.56
2313,2025-06-14,102,52,2,3,9.83
2314,2025-06-21,203,103,2,3,6.21
2315,2025-06-24,301,107,2,3,16.39
2316,2025-06-08,206,468,2,4,10.35
2317,2025-06-05,101,401,2,1,3.68
2318,2025-06-09,301,892,2,4,21.85
2319,2025-06-20,304,637,2,6,12.77
2320,2025-06-27,303,1366,2,6,17.94
2321,2025-06-03,301,849,2,1,5.46
2322,2025-06-20,201,276,2,2,4.48
2323,2025-06-03,201,872,2,6,13.45
2324,2025-06-10,303,1079,2,6,17.94
2325,2025-06-24,202,678,2,2,5.52
2326,2025-06-03,302,1105,2,6,21.39
2327,2025-06-19,304,685,2,2,4.25
2328,2025-06-17,304,1403,2,5,10.64
2329,2025-06-23,303,145,2,2,5.98
2330,2025-06-07,201,1112,2,4,8.97
2331,2025-06-25,103,494,2,6,28.29
2332,2025-06-02,103,1013,2,6,28.29
2333,2025-06-10,303,719,2,6,17.94
2334,2025-06-01,101,1055,2,2,7.36
2335,2025-06-09,301,1188,2,3,16.39
2336,2025-06-11,301,266,2,6,32.77
2337,2025-06-23,102,843,2,1,3.28
2338,2025-06-10,102,1182,2,5,16.39
2339,2025-06-20,301,854,2,6,32.77
2340,2025-06-18,206,37,2,4,10.35
2341,2025-06-12,201,1145,2,3,6.73
2342,2025-06-16,101,560,2,6,22.08
2343,2025-06-22,206,990,2,2,5.17
2344,2025-06-22,103,1478,2,1,4.71
2345,2025-06-16,304,1450,2,6,12.77
2346,2025-06-07,304,1377,2,1,2.13
2347,2025-06-25,201,821,2,3,6.73
2348,2025-06-01,203,429,2,4,8.28
2349,2025-06-20,301,904,2,2,10.92
2350,2025-06-25,301,70,2,4,21.85
2351,2025-06-18,302,1268,2,3,10.7
2352,2025-06-18,304,354,2,4,8.51
2353,2025-06-04,201,1004,2,1,2.24
2354,2025-06-19,102,757,2,1,3.28
2355,2025-06-25,102,1017,2,2,6.55
2356,2025-06-25,301,575,2,3,16.39
2357,2025-06-09,202,830,2,5,13.8
2358,2025-06-04,302,824,2,6,21.39
2359,2025-06-13,205,598,2,5,20.12
2360,2025-06-25,303,1190,2,4,11.96
2361,2025-06-06,103,470,2,4,18.86
2362,2025-06-18,202,867,2,1,2.76
2363,2025-06-06,302,268,2,6,21.39
2364,2025-06-14,201,1074,2,6,13.45
2365,2025-06-01,202,597,2,6,16.56
2366,2025-06-17,101,216,2,5,18.4
2367,2025-06-14,301,70,2,6,32.77
2368,2025-06-06,201,1467,2,2,4.48
2369,2025-06-03,301,949,2,6,32.77
2370,2025-06-26,101,989,2,5,18.4
2371,2025-06-28,301,444,2,2,10.92
2372,2025-06-28,204,627,2,6,14.49
2373,2025-06-07,102,835,2,6,19.66
2374,2025-06-01,101,550,2,1,3.68
2375,2025-06-08,301,1143,2,4,21.85
2376,2025-06-15,304,1298,2,2,4.25
2377,2025-06-27,301,860,2,5,27.31
2378,2025-06-08,303,1188,2,2,5.98
2379,2025-06-01,302,94,2,1,3.56
2380,2025-06-28,302,1352,2,4,14.26
2381,2025-06-03,304,1072,2,4,8.51
2382,2025-06-18,304,323,2,6,12.77
2383,2025-06-21,302,1386,2,5,17.82
2384,2025-06-16,302,162,2,4,14.26
2385,2025-06-27,201,117,2,4,8.97
2386,2025-06-17,201,1120,2,6,13.45
2387,2025-06-05,302,479,3,1,3.56
2388,2025-06-25,301,217,3,5,27.31
2389,2025-06-14,301,1313,3,3,16.39
2390,2025-06-26,201,921,3,2,4.48
2391,2025-06-11,102,1290,3,1,3.28
2392,2025-06-23,301,950,3,4,21.85
2393,2025-06-11,301,545,3,3,16.39
2394,2025-06-26,301,847,3,3,16.39
2395,2025-06-09,301,1203,3,5,27.31
2396,2025-06-05,101,1012,3,2,7.36
2397,2025-06-12,201,1116,3,2,4.48
2398,2025-06-10,201,1401,3,3,6.73
2399,2025-06-10,102,910,3,6,19.66
2400,2025-06-10,301,275,3,6,32.77
2401,2025-06-05,301,263,3,6,32.77
2402,2025-06-09,205,1282,3,4,16.1
2403,2025-06-19,103,555,3,2,9.43
2404,2025-06-09,102,681,3,1,3.28
2405,2025-06-28,301,1006,3,6,32.77
2406,2025-06-06,201,639,3,5,11.21
2407,2025-06-28,206,957,3,5,12.94
2408,2025-06-13,201,925,3,3,6.73
2409,2025-06-16,206,324,3,5,12.94
2410,2025-06-01,202,1328,3,4,11.04
2411,2025-06-08,303,567,3,3,8.97
2412,2025-06-09,102,1225,3,2,6.55
2413,2025-06-21,301,357,3,1,5.46
2414,2025-06-19,201,1282,3,4,8.97
2415,2025-06-28,302,1014,3,6,21.39
2416,2025-06-07,302,681,3,6,21.39
2417,2025-06-21,206,200,3,4,10.35
2418,2025-06-03,303,488,3,5,14.95
2419,2025-06-28,203,1454,3,5,10.35
2420,2025-06-26,203,109,3,1,2.07
2421,2025-06-08,202,438,3,5,13.8
2422,2025-06-06,201,1363,3,6,13.45
2423,2025-06-08,303,1363,3,2,5.98
2424,2025-06-02,301,1225,3,2,10.92
2425,2025-06-03,201,1456,3,3,6.73
2426,2025-06-05,102,1012,3,1,3.28
2427,2025-06-08,201,434,3,2,4.48
2428,2025-06-16,204,880,3,5,12.07
2429,2025-06-11,101,1276,3,1,3.68
2430,2025-06-04,101,826,3,4,14.72
2431,2025-06-04,101,1069,3,2,7.36
2432,2025-06-16,204,549,3,5,12.07
2433,2025-06-14,203,217,3,5,10.35
2434,2025-06-25,301,1292,3,4,21.85
2435,2025-06-20,102,1476,3,6,19.66
2436,2025-06-09,202,1476,3,1,2.76
2437,2025-06-16,201,1274,3,3,6.73
2438,2025-06-16,102,999,3,5,16.39
2439,2025-06-10,201,480,3,6,13.45
2440,2025-06-11,302,493,3,2,7.13
2441,2025-06-10,206,1258,3,5,12.94
2442,2025-06-16,202,9,3,2,5.52
2443,2025-06-16,201,952,3,5,11.21
2444,2025-06-25,102,805,3,1,3.28
2445,2025-06-28,206,826,3,1,2.59
2446,2025-06-18,201,339,3,6,13.45
2447,2025-06-25,102,417,3,1,3.28
2448,2025-06-10,102,586,3,5,16.39
2449,2025-06-04,301,1360,3,4,21.85
2450,2025-06-07,201,1136,3,5,11.21
2451,2025-06-06,206,350,3,3,7.76
2452,2025-06-28,301,279,3,2,10.92
2453,2025-06-11,205,1006,3,2,8.05
2454,2025-06-20,304,776,3,6,12.77
2455,2025-06-08,301,479,3,3,16.39
2456,2025-06-12,202,261,3,3,8.28
2457,2025-06-12,201,1460,3,6,13.45
2458,2025-06-14,201,1116,3,3,6.73
2459,2025-06-01,201,1487,3,4,8.97
2460,2025-06-14,303,664,3,1,2.99
2461,2025-06-15,206,1493,3,2,5.17
2462,2025-06-07,201,373,3,6,13.45
2463,2025-06-10,206,693,3,3,7.76
2464,2025-06-26,101,707,3,4,14.72
2465,2025-06-24,201,360,3,5,11.21
2466,2025-06-17,302,820,3,5,17.82
2467,2025-06-03,302,434,3,1,3.56
2468,2025-06-16,102,1414,3,6,19.66
2469,2025-06-25,204,1314,3,1,2.42
2470,2025-06-16,201,449,3,6,13.45
2471,2025-06-19,201,696,3,5,11.21
2472,2025-06-21,101,636,3,1,3.68
2473,2025-06-15,201,520,3,3,6.73
2474,2025-06-24,101,141,3,2,7.36
2475,2025-06-14,201,267,3,6,13.45
2476,2025-06-10,302,1148,3,5,17.82
2477,2025-06-15,102,438,3,1,3.28
2478,2025-06-25,201,1316,3,5,11.21
2479,2025-06-27,201,540,3,5,11.21
2480,2025-06-25,301,1497,3,2,10.92
2481,2025-06-23,101,1452,3,6,22.08
2482,2025-06-25,201,838,3,3,6.73
2483,2025-06-06,301,593,3,2,10.92
2484,2025-06-12,202,624,3,4,11.04
2485,2025-06-09,102,457,3,6,19.66
2486,2025-06-05,204,226,3,1,2.42
2487,2025-06-13,205,931,3,4,16.1
2488,2025-06-02,302,997,3,5,17.82
2489,2025-06-14,201,58,3,5,11.21
2490,2025-06-26,303,1061,3,3,8.97
2491,2025-06-11,202,1276,3,5,13.8
2492,2025-06-19,101,194,3,1,3.68
2493,2025-06-18,304,282,3,1,2.13
2494,2025-06-19,302,887,3,1,3.56
2495,2025-06-25,205,141,3,2,8.05
2496,2025-06-27,301,499,3,4,21.85
2497,2025-06-05,202,1306,3,6,16.56
2498,2025-06-21,201,1156,3,2,4.48
2499,2025-06-25,201,1365,3,5,11.21
2500,2025-06-01,301,737,3,4,21.85
2501,2025-06-20,204,720,3,1,2.42
2502,2025-06-11,101,789,3,2,7.36
2503,2025-06-19,102,1341,3,2,6.55
2504,2025-06-22,202,529,4,6,16.56
2505,2025-06-12,301,1465,4,5,27.31
2506,2025-06-07,101,829,4,2,7.36
2507,2025-06-18,102,116,4,1,3.28
2508,2025-06-12,301,186,4,5,27.31
2509,2025-06-08,201,538,4,3,6.73
2510,2025-06-14,102,732,4,2,6.55
2511,2025-06-25,103,987,4,2,9.43
2512,2025-06-04,101,1033,4,4,14.72
2513,2025-06-28,101,538,4,6,22.08
2514,2025-06-15,201,1070,4,4,8.97
2515,2025-06-19,102,315,4,4,13.11
2516,2025-06-17,101,1468,4,2,7.36
2517,2025-06-06,301,541,4,1,5.46
2518,2025-06-24,101,994,4,4,14.72
2519,2025-06-14,301,502,4,3,16.39
2520,2025-06-26,102,1278,4,1,3.28
2521,2025-06-17,201,300,4,3,6.73
2522,2025-06-01,303,1042,4,1,2.99
2523,2025-06-28,301,287,4,4,21.85
2524,2025-06-27,201,169,4,3,6.73
2525,2025-06-10,202,612,4,6,16.56
2526,2025-06-21,304,1057,4,1,2.13
2527,2025-06-09,303,879,4,1,2.99
2528,2025-06-06,101,1441,4,2,7.36
2529,2025-06-05,101,341,4,5,18.4
2530,2025-06-02,301,541,4,1,5.46
2531,2025-06-10,303,1031,4,6,17.94
2532,2025-06-14,205,455,4,2,8.05
2533,2025-06-05,101,482,4,5,18.4
2534,2025-06-26,201,411,4,1,2.24
2535,2025-06-10,101,1088,4,2,7.36
2536,2025-06-20,205,878,4,3,12.07
2537,2025-06-11,101,79,4,1,3.68
2538,2025-06-24,303,355,4,1,2.99
2539,2025-06-18,303,1036,4,1,2.99
2540,2025-06-17,301,442,4,6,32.77
2541,2025-06-12,101,595,4,1,3.68
2542,2025-06-04,101,1214,4,1,3.68
2543,2025-06-28,202,1342,4,4,11.04
2544,2025-06-26,202,8,4,5,13.8
2545,2025-06-09,201,318,4,4,8.97
2546,2025-06-12,201,269,4,5,11.21
2547,2025-06-27,202,1455,4,6,16.56
2548,2025-06-17,102,325,4,2,6.55
2549,2025-06-08,301,210,4,2,10.92
2550,2025-06-13,301,752,4,6,32.77
2551,2025-06-08,303,602,4,1,2.99
2552,2025-06-22,201,804,4,6,13.45
2553,2025-06-22,201,1498,4,4,8.97
2554,2025-06-09,202,328,4,5,13.8
2555,2025-06-22,201,358,4,3,6.73
2556,2025-06-24,204,1051,4,1,2.42
2557,2025-06-06,205,40,4,2,8.05
2558,2025-06-27,101,645,4,1,3.68
2559,2025-06-01,101,1455,4,3,11.04
2560,2025-06-07,202,1465,4,3,8.28
2561,2025-06-15,202,711,4,2,5.52
2562,2025-06-24,203,750,4,1,2.07
2563,2025-06-11,206,922,4,5,12.94
2564,2025-06-09,304,938,4,2,4.25
2565,2025-06-25,301,1379,4,4,21.85
2566,2025-06-22,202,946,4,1,2.76
2567,2025-06-03,301,1009,4,3,16.39
2568,2025-06-18,202,317,4,1,2.76
2569,2025-06-27,101,299,4,4,14.72
2570,2025-06-10,101,317,4,6,22.08
2571,2025-06-15,303,1142,4,3,8.97
2572,2025-06-28,203,1275,4,1,2.07
2573,2025-06-07,102,351,4,5,16.39
2574,2025-06-25,302,45,4,2,7.13
2575,2025-06-12,102,1322,4,6,19.66
2576,2025-06-19,204,1334,4,2,4.83
2577,2025-06-12,202,1344,4,5,13.8
2578,2025-06-06,103,1032,4,5,23.57
2579,2025-06-06,101,602,4,6,22.08
2580,2025-06-05,302,1344,4,6,21.39
2581,2025-06-14,303,530,4,5,14.95
2582,2025-06-10,201,1057,4,4,8.97
2583,2025-06-16,303,1194,4,4,11.96
2584,2025-06-10,201,8,4,6,13.45
2585,2025-06-18,101,834,4,6,22.08
2586,2025-06-20,102,180,4,6,19.66
2587,2025-06-05,101,355,4,4,14.72
2588,2025-06-25,202,655,4,2,5.52
2589,2025-06-21,201,1121,4,2,4.48
2590,2025-06-08,201,983,4,2,4.48
2591,2025-06-05,101,1078,4,3,11.04
2592,2025-06-19,101,372,4,6,22.08
2593,2025-06-22,102,745,4,2,6.55
2594,2025-06-21,301,308,4,1,5.46
2595,2025-06-04,202,1197,4,5,13.8
2596,2025-06-10,103,315,4,4,18.86
2597,2025-06-15,203,375,4,5,10.35
2598,2025-06-11,101,743,4,6,22.08
2599,2025-06-13,303,672,4,1,2.99
2600,2025-06-14,101,1481,4,4,14.72
2601,2025-06-23,101,1246,4,6,22.08
2602,2025-06-17,301,291,4,2,10.92
2603,2025-06-20,101,1003,4,6,22.08
2604,2025-06-16,103,1135,4,6,28.29
2605,2025-06-04,202,750,4,6,16.56
2606,2025-06-09,302,670,4,6,21.39
2607,2025-06-14,205,670,4,3,12.07
2608,2025-06-01,304,287,4,1,2.13
2609,2025-06-08,301,1481,4,4,21.85
2610,2025-06-14,202,715,4,5,13.8
2611,2025-06-16,101,1406,4,6,22.08
2612,2025-06-13,204,1308,4,5,12.07
2613,2025-06-13,303,120,4,6,17.94
2614,2025-07-04,101,995,1,6,22.66
2615,2025-07-12,101,1021,1,2,7.55
2616,2025-07-14,301,704,1,5,30.59
2617,2025-07-12,301,1122,1,1,6.12
2618,2025-07-19,301,926,1,4,24.48
2619,2025-07-27,101,1472,1,4,15.1
2620,2025-07-22,206,44,1,4,10.62
2621,2025-07-01,102,1087,1,2,6.73
2622,2025-07-10,303,769,1,1,3.35
2623,2025-07-15,302,450,1,6,23.96
2624,2025-07-12,201,626,1,6,13.81
2625,2025-07-09,304,814,1,2,4.77
2626,2025-07-15,301,1218,1,3,18.36
2627,2025-07-25,304,1442,1,3,7.15
2628,2025-07-25,101,948,1,5,18.88
2629,2025-07-13,206,1333,1,6,15.93
2630,2025-07-28,201,871,1,2,4.6
2631,2025-07-12,302,1063,1,3,11.98
2632,2025-07-11,203,559,1,2,4.25
2633,2025-07-03,101,1099,1,6,22.66
2634,2025-07-16,201,1099,1,5,11.5
2635,2025-07-07,102,484,1,4,13.45
2636,2025-07-12,302,611,1,4,15.97
2637,2025-07-25,302,270,1,3,11.98
2638,2025-07-01,303,165,1,3,10.05
2639,2025-07-17,102,1233,1,3,10.09
2640,2025-07-25,206,974,1,3,7.96
2641,2025-07-20,203,1218,1,4,8.5
2642,2025-07-03,101,1251,1,1,3.78
2643,2025-07-13,205,484,1,6,24.78
2644,2025-07-18,101,626,1,3,11.33
2645,2025-07-04,201,1285,1,4,9.2
2646,2025-07-20,302,986,1,3,11.98
2647,2025-07-08,304,812,1,3,7.15
2648,2025-07-18,302,264,1,2,7.99
2649,2025-07-01,301,869,1,3,18.36
2650,2025-07-08,102,437,1,6,20.18
2651,2025-07-21,302,1488,1,4,15.97
2652,2025-07-10,102,437,1,1,3.36
2653,2025-07-16,303,808,1,5,16.75
2654,2025-07-19,202,371,1,5,14.16
2655,2025-07-19,201,716,1,5,11.5
2656,2025-07-24,206,481,1,4,10.62
2657,2025-07-26,301,1466,1,3,18.36
2658,2025-07-12,103,431,1,3,14.51
2659,2025-07-03,201,1216,1,3,6.9
2660,2025-07-08,101,1442,1,6,22.66
2661,2025-07-04,203,1427,1,2,4.25
2662,2025-07-16,304,937,1,6,14.3
2663,2025-07-08,201,1263,1,5,11.5
2664,2025-07-21,201,971,1,6,13.81
2665,2025-07-15,302,508,1,2,7.99
2666,2025-07-15,204,1065,1,1,2.48
2667,2025-07-14,202,89,1,5,14.16
2668,2025-07-01,303,974,1,2,6.7
2669,2025-07-02,203,616,1,6,12.74
2670,2025-07-05,203,89,1,6,12.74
2671,2025-07-24,301,513,1,1,6.12
2672,2025-07-01,204,1251,1,6,14.87
2673,2025-07-23,205,1404,1,4,16.52
2674,2025-07-07,303,1139,1,4,13.4
2675,2025-07-23,203,1151,1,5,10.62
2676,2025-07-19,201,1447,1,2,4.6
2677,2025-07-05,302,1409,1,4,15.97
2678,2025-07-19,203,570,1,6,12.74
2679,2025-07-02,302,1251,1,5,19.97
2680,2025-07-04,301,1411,1,5,30.59
2681,2025-07-03,304,935,1,5,11.92
2682,2025-07-24,201,371,1,2,4.6
2683,2025-07-25,103,1373,1,5,24.19
2684,2025-07-01,304,1131,1,2,4.77
2685,2025-07-04,303,592,1,6,20.1
2686,2025-07-19,101,1233,1,4,15.1
2687,2025-07-26,303,749,1,4,13.4
2688,2025-07-05,201,613,1,4,9.2
2689,2025-07-12,102,336,1,3,10.09
2690,2025-07-16,301,119,1,3,18.36
2691,2025-07-07,102,412,1,4,13.45
2692,2025-07-21,201,101,1,6,13.81
2693,2025-07-17,201,477,1,1,2.3
2694,2025-07-02,101,972,1,5,18.88
2695,2025-07-04,101,320,1,3,11.33
2696,2025-07-01,101,5,1,5,18.88
2697,2025-07-01,201,1447,1,3,6.9
2698,2025-07-12,303,92,1,5,16.75
2699,2025-07-21,303,1065,1,2,6.7
2700,2025-07-07,203,616,1,5,10.62
2701,2025-07-05,101,1034,1,6,22.66
2702,2025-07-15,201,1237,1,2,4.6
2703,2025-07-17,302,259,1,2,7.99
2704,2025-07-01,302,1068,1,4,15.97
2705,2025-07-26,101,175,1,5,18.88
2706,2025-07-10,302,158,1,3,11.98
2707,2025-07-19,201,915,1,2,4.6
2708,2025-07-16,101,371,1,1,3.78
2709,2025-07-11,205,827,1,5,20.65
2710,2025-07-27,303,703,1,5,16.75
2711,2025-07-22,301,971,1,1,6.12
2712,2025-07-12,101,248,1,2,7.55
2713,2025-07-07,102,1442,1,4,13.45
2714,2025-07-02,201,858,1,3,6.9
2715,2025-07-23,302,1355,1,6,23.96
2716,2025-07-28,302,926,1,1,3.99
2717,2025-07-11,101,927,1,6,22.66
2718,2025-07-18,204,926,1,6,14.87
2719,2025-07-21,201,376,1,5,11.5
2720,2025-07-15,201,1404,1,2,4.6
2721,2025-07-14,102,738,1,6,20.18
2722,2025-07-16,202,44,1,1,2.83
2723,2025-07-18,203,861,1,3,6.37
2724,2025-07-16,205,1430,1,3,12.39
2725,2025-07-23,301,75,1,6,36.71
2726,2025-07-07,203,112,1,1,2.12
2727,2025-07-24,201,991,1,5,11.5
2728,2025-07-11,203,1287,1,6,12.74
2729,2025-07-02,101,552,1,1,3.78
2730,2025-07-18,201,72,1,3,6.9
2731,2025-07-28,302,802,1,6,23.96
2732,2025-07-28,301,336,1,5,30.59
2733,2025-07-23,203,64,1,6,12.74
2734,2025-07-15,303,361,1,1,3.35
2735,2025-07-11,302,99,1,6,23.96
2736,2025-07-07,301,991,1,4,24.48
2737,2025-07-02,206,699,1,1,2.65
2738,2025-07-04,102,531,1,6,20.18
2739,2025-07-22,101,592,1,2,7.55
2740,2025-07-27,304,412,1,4,9.53
2741,2025-07-02,201,264,1,4,9.2
2742,2025-07-22,301,679,2,5,30.59
2743,2025-07-22,303,1477,2,4,13.4
2744,2025-07-10,302,543,2,6,23.96
2745,2025-07-24,304,719,2,6,14.3
2746,2025-07-14,202,1050,2,1,2.83
2747,2025-07-27,201,1261,2,2,4.6
2748,2025-07-21,103,1001,2,1,4.84
2749,2025-07-05,101,589,2,4,15.1
2750,2025-07-04,101,435,2,1,3.78
2751,2025-07-03,303,487,2,4,13.4
2752,2025-07-24,206,676,2,2,5.31
2753,2025-07-23,304,1010,2,6,14.3
2754,2025-07-10,103,1471,2,3,14.51
2755,2025-07-13,103,537,2,1,4.84
2756,2025-07-28,304,1286,2,5,11.92
2757,2025-07-02,102,1201,2,5,16.81
2758,2025-07-08,204,108,2,1,2.48
2759,2025-07-03,302,181,2,2,7.99
2760,2025-07-12,103,1113,2,5,24.19
2761,2025-07-20,302,131,2,4,15.97
2762,2025-07-25,301,501,2,5,30.59
2763,2025-07-11,302,134,2,6,23.96
2764,2025-07-11,301,653,2,2,12.24
2765,2025-07-15,303,536,2,3,10.05
2766,2025-07-13,303,969,2,1,3.35
2767,2025-07-17,101,174,2,3,11.33
2768,2025-07-07,102,868,2,6,20.18
2769,2025-07-01,301,1125,2,4,24.48
2770,2025-07-20,101,1376,2,2,7.55
2771,2025-07-05,103,1421,2,2,9.68
2772,2025-07-04,304,177,2,1,2.38
2773,2025-07-01,202,459,2,5,14.16
2774,2025-07-12,302,110,2,3,11.98
2775,2025-07-22,101,615,2,1,3.78
2776,2025-07-19,101,157,2,1,3.78
2777,2025-07-04,302,597,2,5,19.97
2778,2025-07-19,302,1419,2,1,3.99
2779,2025-07-27,101,1223,2,6,22.66
2780,2025-07-13,304,740,2,6,14.3
2781,2025-07-15,302,623,2,4,15.97
2782,2025-07-09,302,892,2,5,19.97
2783,2025-07-15,304,1229,2,6,14.3
2784,2025-07-15,303,1393,2,2,6.7
2785,2025-07-05,303,747,2,2,6.7
2786,2025-07-13,301,678,2,2,12.24
2787,2025-07-24,303,68,2,3,10.05
2788,2025-07-05,203,132,2,3,6.37
2789,2025-07-18,204,600,2,6,14.87
2790,2025-07-27,304,906,2,2,4.77
2791,2025-07-14,102,1072,2,4,13.45
2792,2025-07-15,204,982,2,4,9.91
2793,2025-07-11,204,1013,2,3,7.43
2794,2025-07-07,101,642,2,5,18.88
2795,2025-07-19,102,514,2,2,6.73
2796,2025-07-22,304,932,2,6,14.3
2797,2025-07-28,303,1038,2,5,16.75
2798,2025-07-07,201,998,2,3,6.9
2799,2025-07-18,101,1159,2,1,3.78
2800,2025-07-14,201,148,2,5,11.5
2801,2025-07-18,102,430,2,3,10.09
2802,2025-07-14,301,474,2,5,30.59
2803,2025-07-23,304,550,2,1,2.38
2804,2025-07-06,201,719,2,6,13.81
2805,2025-07-19,304,429,2,6,14.3
2806,2025-07-26,301,523,2,5,30.59
2807,2025-07-15,101,642,2,3,11.33
2808,2025-07-25,303,1260,2,2,6.7
2809,2025-07-17,201,103,2,5,11.5
2810,2025-07-03,301,68,2,1,6.12
2811,2025-07-11,101,240,2,1,3.78
2812,2025-07-07,201,420,2,3,6.9
2813,2025-07-27,304,178,2,3,7.15
2814,2025-07-19,201,1147,2,3,6.9
2815,2025-07-06,204,757,2,6,14.87
2816,2025-07-06,201,421,2,5,11.5
2817,2025-07-18,102,1039,2,1,3.36
2818,2025-07-21,101,1201,2,5,18.88
2819,2025-07-23,302,652,2,3,11.98
2820,2025-07-05,304,1145,2,6,14.3
2821,2025-07-05,101,970,2,1,3.78
2822,2025-07-06,204,61,2,4,9.91
2823,2025-07-15,301,1478,2,3,18.36
2824,2025-07-16,102,1462,2,1,3.36
2825,2025-07-03,201,945,2,3,6.9
2826,2025-07-20,101,778,2,2,7.55
2827,2025-07-04,301,521,2,2,12.24
2828,2025-07-10,304,222,2,3,7.15
2829,2025-07-01,201,1072,2,4,9.2
2830,2025-07-28,304,661,2,3,7.15
2831,2025-07-17,102,74,2,3,10.09
2832,2025-07-02,205,625,2,2,8.26
2833,2025-07-15,302,1105,2,3,11.98
2834,2025-07-24,201,1173,2,3,6.9
2835,2025-07-18,301,85,2,3,18.36
2836,2025-07-01,101,1483,2,5,18.88
2837,2025-07-07,101,1202,2,4,15.1
2838,2025-07-23,201,708,2,1,2.3
2839,2025-07-12,302,1332,2,3,11.98
2840,2025-07-14,303,884,2,4,13.4
2841,2025-07-09,303,1095,3,6,20.1
2842,2025-07-09,102,171,3,3,10.09
2843,2025-07-03,302,1327,3,6,23.96
2844,2025-07-04,302,38,3,5,19.97
2845,2025-07-08,302,146,3,1,3.99
2846,2025-07-05,102,1136,3,1,3.36
2847,2025-07-28,302,146,3,1,3.99
2848,2025-07-24,101,634,3,1,3.78
2849,2025-07-03,302,275,3,5,19.97
2850,2025-07-21,204,617,3,4,9.91
2851,2025-07-20,302,228,3,1,3.99
2852,2025-07-07,101,1460,3,2,7.55
2853,2025-07-03,302,1402,3,2,7.99
2854,2025-07-14,303,1361,3,1,3.35
2855,2025-07-23,103,159,3,1,4.84
2856,2025-07-17,201,350,3,6,13.81
2857,2025-07-23,202,952,3,2,5.66
2858,2025-07-16,204,525,3,2,4.96
2859,2025-07-28,301,115,3,5,30.59
2860,2025-07-01,202,159,3,5,14.16
2861,2025-07-09,102,260,3,2,6.73
2862,2025-07-07,302,1380,3,5,19.97
2863,2025-07-07,101,342,3,1,3.78
2864,2025-07-06,302,730,3,2,7.99
2865,2025-07-10,205,1215,3,5,20.65
2866,2025-07-10,201,386,3,6,13.81
2867,2025-07-24,201,432,3,3,6.9
2868,2025-07-22,202,453,3,6,16.99
2869,2025-07-03,201,115,3,2,4.6
2870,2025-07-24,101,114,3,3,11.33
2871,2025-07-03,205,1341,3,4,16.52
2872,2025-07-15,301,22,3,6,36.71
2873,2025-07-03,304,586,3,6,14.3
2874,2025-07-23,204,1356,3,3,7.43
2875,2025-07-19,204,479,3,1,2.48
2876,2025-07-15,301,667,3,3,18.36
2877,2025-07-12,301,955,3,4,24.48
2878,2025-07-11,201,1073,3,4,9.2
2879,2025-07-08,304,1179,3,2,4.77
2880,2025-07-12,102,763,3,6,20.18
2881,2025-07-11,202,739,3,4,11.33
2882,2025-07-15,202,272,3,4,11.33
2883,2025-07-14,101,39,3,4,15.1
2884,2025-07-13,302,1274,3,3,11.98
2885,2025-07-01,102,809,3,3,10.09
2886,2025-07-06,302,267,3,6,23.96
2887,2025-07-07,204,196,3,2,4.96
2888,2025-07-05,101,488,3,4,15.1
2889,2025-07-16,201,721,3,1,2.3
2890,2025-07-09,102,406,3,5,16.81
2891,2025-07-24,102,955,3,5,16.81
2892,2025-07-16,202,1323,3,2,5.66
2893,2025-07-03,101,594,3,1,3.78
2894,2025-07-10,301,258,3,5,30.59
2895,2025-07-26,103,385,3,4,19.35
2896,2025-07-10,201,1274,3,1,2.3
2897,2025-07-10,102,1360,3,6,20.18
2898,2025-07-04,205,1207,3,5,20.65
2899,2025-07-11,101,1416,3,3,11.33
2900,2025-07-28,201,234,3,6,13.81
2901,2025-07-03,201,33,3,4,9.2
2902,2025-07-08,202,377,3,4,11.33
2903,2025-07-08,303,574,3,6,20.1
2904,2025-07-26,205,517,3,4,16.52
2905,2025-07-26,203,617,3,5,10.62
2906,2025-07-11,301,1274,3,2,12.24
2907,2025-07-23,204,1200,3,2,4.96
2908,2025-07-16,205,1116,3,2,8.26
2909,2025-07-11,202,988,3,1,2.83
2910,2025-07-25,302,263,3,4,15.97
2911,2025-07-17,205,950,3,1,4.13
2912,2025-07-09,202,127,3,6,16.99
2913,2025-07-26,202,1497,3,2,5.66
2914,2025-07-12,201,114,3,2,4.6
2915,2025-07-21,202,4,3,2,5.66
2916,2025-07-16,201,1110,3,5,11.5
2917,2025-07-11,102,925,3,3,10.09
2918,2025-07-18,304,360,3,5,11.92
2919,2025-07-07,302,1206,3,6,23.96
2920,2025-07-24,204,115,3,3,7.43
2921,2025-07-17,301,966,3,2,12.24
2922,2025-07-14,201,1380,3,4,9.2
2923,2025-07-10,302,478,3,1,3.99
2924,2025-07-01,102,42,3,3,10.09
2925,2025-07-03,206,687,3,4,10.62
2926,2025-07-15,202,1258,3,2,5.66
2927,2025-07-20,201,837,3,2,4.6
2928,2025-07-09,301,864,3,1,6.12
2929,2025-07-20,201,855,3,6,13.81
2930,2025-07-05,201,594,3,5,11.5
2931,2025-07-02,303,609,3,1,3.35
2932,2025-07-05,203,576,3,3,6.37
2933,2025-07-18,302,41,3,4,15.97
2934,2025-07-11,205,730,3,6,24.78
2935,2025-07-27,102,1486,3,5,16.81
2936,2025-07-11,101,1118,3,3,11.33
2937,2025-07-17,301,109,3,1,6.12
2938,2025-07-05,301,954,3,6,36.71
2939,2025-07-05,303,291,4,2,6.7
2940,2025-07-08,202,246,4,6,16.99
2941,2025-07-11,301,203,4,3,18.36
2942,2025-07-16,202,1078,4,1,2.83
2943,2025-07-14,203,1066,4,5,10.62
2944,2025-07-27,301,237,4,5,30.59
2945,2025-07-06,301,304,4,4,24.48
2946,2025-07-08,301,647,4,3,18.36
2947,2025-07-18,101,71,4,6,22.66
2948,2025-07-08,101,1228,4,6,22.66
2949,2025-07-25,101,632,4,2,7.55
2950,2025-07-17,303,851,4,2,6.7
2951,2025-07-22,201,1066,4,6,13.81
2952,2025-07-16,101,71,4,3,11.33
2953,2025-07-14,206,1379,4,6,15.93
2954,2025-07-19,101,102,4,2,7.55
2955,2025-07-16,102,19,4,5,16.81
2956,2025-07-19,201,1016,4,1,2.3
2957,2025-07-13,202,566,4,2,5.66
2958,2025-07-21,101,752,4,1,3.78
2959,2025-07-17,201,1052,4,3,6.9
2960,2025-07-25,101,675,4,2,7.55
2961,2025-07-09,201,1060,4,3,6.9
2962,2025-07-15,101,79,4,3,11.33
2963,2025-07-22,202,1293,4,6,16.99
2964,2025-07-06,301,300,4,2,12.24
2965,2025-07-24,101,534,4,1,3.78
2966,2025-07-24,102,794,4,5,16.81
2967,2025-07-07,302,818,4,6,23.96
2968,2025-07-21,201,612,4,1,2.3
2969,2025-07-07,203,1291,4,3,6.37
2970,2025-07-07,101,482,4,1,3.78
2971,2025-07-16,303,1052,4,2,6.7
2972,2025-07-13,301,413,4,4,24.48
2973,2025-07-18,303,754,4,4,13.4
2974,2025-07-28,301,665,4,6,36.71
2975,2025-07-01,101,86,4,1,3.78
2976,2025-07-09,205,8,4,1,4.13
2977,2025-07-24,201,1443,4,4,9.2
2978,2025-07-02,303,1016,4,1,3.35
2979,2025-07-14,103,1031,4,2,9.68
2980,2025-07-21,101,57,4,4,15.1
2981,2025-07-04,201,804,4,1,2.3
2982,2025-07-26,101,533,4,4,15.1
2983,2025-07-24,101,86,4,6,22.66
2984,2025-07-06,303,40,4,4,13.4
2985,2025-07-08,101,1180,4,6,22.66
2986,2025-07-23,303,1398,4,5,16.75
2987,2025-07-23,201,1432,4,1,2.3
2988,2025-07-23,202,375,4,6,16.99
2989,2025-07-22,103,1036,4,4,19.35
2990,2025-07-14,101,1192,4,4,15.1
2991,2025-07-19,202,121,4,1,2.83
2992,2025-07-23,206,752,4,3,7.96
2993,2025-07-26,301,715,4,2,12.24
2994,2025-07-28,101,498,4,3,11.33
2995,2025-07-26,103,8,4,4,19.35
2996,2025-07-28,304,1432,4,1,2.38
2997,2025-07-18,302,1247,4,4,15.97
2998,2025-07-28,301,124,4,6,36.71
2999,2025-07-20,201,1016,4,1,2.3
3000,2025-07-18,202,411,4,4,11.33
3001,2025-07-24,201,1383,4,3,6.9
3002,2025-07-24,203,958,4,3,6.37
3003,2025-07-13,202,1031,4,5,14.16
3004,2025-07-25,202,783,4,3,8.5
3005,2025-07-25,101,1255,4,6,22.66
3006,2025-07-12,206,1135,4,4,10.62
3007,2025-07-05,101,907,4,3,11.33
3008,2025-07-15,303,1168,4,6,20.1
3009,2025-07-06,301,120,4,6,36.71
3010,2025-07-05,201,938,4,6,13.81
3011,2025-07-06,203,1459,4,6,12.74
3012,2025-07-27,101,1066,4,2,7.55
3013,2025-07-04,101,1262,4,4,15.1
3014,2025-07-04,203,1463,4,5,10.62
3015,2025-07-22,101,413,4,5,18.88
3016,2025-07-23,301,912,4,6,36.71
3017,2025-07-24,202,1032,4,3,8.5
3018,2025-07-17,203,1060,4,4,8.5
3019,2025-07-24,103,1093,4,3,14.51
3020,2025-07-08,301,1177,4,1,6.12
3021,2025-07-25,101,498,4,6,22.66
3022,2025-07-26,301,297,4,5,30.59
3023,2025-07-23,202,828,4,1,2.83
3024,2025-07-10,103,541,4,4,19.35
3025,2025-07-27,203,502,4,1,2.12
3026,2025-07-10,101,309,4,1,3.78
3027,2025-07-03,102,180,4,6,20.18
3028,2025-07-14,201,994,4,1,2.3
3029,2025-07-23,206,796,4,1,2.65
3030,2025-07-07,201,818,4,3,6.9
3031,2025-07-16,202,120,4,5,14.16
3032,2025-07-16,301,851,4,1,6.12
3033,2025-08-16,101,1447,1,6,23.23
3034,2025-08-25,201,139,1,5,11.8
3035,2025-08-20,202,622,1,5,14.52
3036,2025-08-16,303,44,1,6,22.34
3037,2025-08-25,201,112,1,4,9.44
3038,2025-08-03,203,111,1,5,10.89
3039,2025-08-21,103,133,1,6,29.77
3040,2025-08-11,203,436,1,6,13.07
3041,2025-08-02,205,579,1,4,16.94
3042,2025-08-28,201,816,1,6,14.16
3043,2025-08-04,102,11,1,4,13.79
3044,2025-08-28,301,1151,1,5,34.01
3045,2025-08-15,301,92,1,5,34.01
3046,2025-08-09,203,1218,1,4,8.71
3047,2025-08-21,204,1270,1,5,12.71
3048,2025-08-04,101,1218,1,5,19.36
3049,2025-08-15,203,547,1,2,4.36
3050,2025-08-10,302,1034,1,1,4.44
3051,2025-08-22,201,264,1,1,2.36
3052,2025-08-07,304,861,1,1,2.65
3053,2025-08-13,203,1411,1,1,2.18
3054,2025-08-06,301,1410,1,6,40.81
3055,2025-08-06,201,403,1,3,7.08
3056,2025-08-19,201,869,1,6,14.16
3057,2025-08-26,102,1233,1,4,13.79
3058,2025-08-04,303,312,1,1,3.72
3059,2025-08-20,101,981,1,6,23.23
3060,2025-08-12,101,1442,1,4,15.49
3061,2025-08-23,301,927,1,1,6.8
3062,2025-08-21,303,943,1,3,11.17
3063,2025-08-02,101,516,1,4,15.49
3064,2025-08-14,202,92,1,6,17.42
3065,2025-08-22,101,638,1,3,11.62
3066,2025-08-08,203,247,1,5,10.89
3067,2025-08-03,101,991,1,2,7.74
3068,2025-08-15,102,1138,1,2,6.9
3069,2025-08-18,304,484,1,3,7.95
3070,2025-08-06,203,1023,1,6,13.07
3071,2025-08-02,201,418,1,5,11.8
3072,2025-08-05,102,1320,1,3,10.35
3073,2025-08-12,301,78,1,1,6.8
3074,2025-08-04,203,927,1,1,2.18
3075,2025-08-17,301,11,1,5,34.01
3076,2025-08-11,201,437,1,2,4.72
3077,2025-08-07,302,1139,1,2,8.88
3078,2025-08-07,203,139,1,4,8.71
3079,2025-08-21,102,1081,1,5,17.24
3080,2025-08-05,203,1140,1,1,2.18
3081,2025-08-05,101,1373,1,5,19.36
3082,2025-08-03,101,981,1,5,19.36
3083,2025-08-25,101,769,1,6,23.23
3084,2025-08-08,302,484,1,3,13.32
3085,2025-08-02,201,579,1,4,9.44
3086,2025-08-07,301,1150,1,1,6.8
3087,2025-08-13,301,816,1,3,20.4
3088,2025-08-24,205,209,1,2,8.47
3089,2025-08-14,203,1122,1,5,10.89
3090,2025-08-06,302,436,1,6,26.63
3091,2025-08-16,205,1410,1,3,12.71
3092,2025-08-01,101,779,1,5,19.36
3093,2025-08-23,101,1411,1,1,3.87
3094,2025-08-02,101,660,1,6,23.23
3095,2025-08-15,201,1131,1,3,7.08
3096,2025-08-10,302,937,1,3,13.32
3097,2025-08-28,205,852,1,3,12.71
3098,2025-08-25,203,1210,1,4,8.71
3099,2025-08-22,205,1037,1,5,21.18
3100,2025-08-05,205,852,1,5,21.18
3101,2025-08-16,201,613,1,6,14.16
3102,2025-08-21,203,89,1,5,10.89
3103,2025-08-09,103,527,1,3,14.88
3104,2025-08-11,205,579,1,2,8.47
3105,2025-08-07,303,622,1,5,18.61
3106,2025-08-27,304,606,1,2,5.3
3107,2025-08-09,203,484,1,4,8.71
3108,2025-08-22,205,370,1,6,25.41
3109,2025-08-26,301,1410,1,2,13.6
3110,2025-08-22,301,1208,1,2,13.6
3111,2025-08-18,201,579,1,5,11.8
3112,2025-08-19,102,926,1,4,13.79
3113,2025-08-24,102,531,1,6,20.69
3114,2025-08-20,206,1439,1,2,5.45
3115,2025-08-06,206,1122,1,3,8.17
3116,2025-08-08,302,704,1,3,13.32
3117,2025-08-19,203,836,1,3,6.53
3118,2025-08-09,203,1043,1,2,4.36
3119,2025-08-13,101,948,1,1,3.87
3120,2025-08-03,304,370,1,1,2.65
3121,2025-08-16,302,827,1,3,13.32
3122,2025-08-19,303,513,1,5,18.61
3123,2025-08-07,203,508,1,4,8.71
3124,2025-08-21,101,863,1,4,15.49
3125,2025-08-14,205,703,1,4,16.94
3126,2025-08-06,201,188,1,2,4.72
3127,2025-08-02,201,92,1,1,2.36
3128,2025-08-18,201,508,1,5,11.8
3129,2025-08-24,101,1208,1,1,3.87
3130,2025-08-22,202,986,1,1,2.9
3131,2025-08-11,101,1068,1,1,3.87
3132,2025-08-14,301,436,1,3,20.4
3133,2025-08-20,102,991,1,5,17.24
3134,2025-08-12,301,431,1,5,34.01
3135,2025-08-19,101,577,1,5,19.36
3136,2025-08-26,301,700,1,2,13.6
3137,2025-08-01,102,288,1,5,17.24
3138,2025-08-20,101,511,1,6,23.23
3139,2025-08-04,302,440,1,1,4.44
3140,2025-08-08,302,836,1,2,8.88
3141,2025-08-08,205,516,1,2,8.47
3142,2025-08-22,101,559,1,2,7.74
3143,2025-08-28,202,700,1,5,14.52
3144,2025-08-04,202,101,1,2,5.81
3145,2025-08-05,302,976,2,4,17.75
3146,2025-08-01,303,1407,2,4,14.89
3147,2025-08-22,302,1269,2,2,8.88
3148,2025-08-11,203,832,2,5,10.89
3149,2025-08-20,101,982,2,5,19.36
3150,2025-08-07,302,956,2,5,22.19
3151,2025-08-20,101,965,2,1,3.87
3152,2025-08-07,102,578,2,4,13.79
3153,2025-08-09,201,649,2,4,9.44
3154,2025-08-13,302,1201,2,2,8.88
3155,2025-08-19,304,637,2,6,15.89
3156,2025-08-15,301,69,2,1,6.8
3157,2025-08-12,202,970,2,3,8.71
3158,2025-08-24,101,1146,2,4,15.49
3159,2025-08-14,303,673,2,1,3.72
3160,2025-08-12,201,683,2,3,7.08
3161,2025-08-08,204,1347,2,2,5.08
3162,2025-08-28,301,107,2,2,13.6
3163,2025-08-02,304,603,2,3,7.95
3164,2025-08-03,101,1431,2,2,7.74
3165,2025-08-17,101,673,2,1,3.87
3166,2025-08-05,204,1111,2,3,7.62
3167,2025-08-08,103,1039,2,2,9.92
3168,2025-08-03,201,607,2,5,11.8
3169,2025-08-02,303,1482,2,5,18.61
3170,2025-08-06,301,755,2,6,40.81
3171,2025-08-06,206,619,2,4,10.89
3172,2025-08-20,101,208,2,2,7.74
3173,2025-08-09,101,473,2,1,3.87
3174,2025-08-18,206,942,2,4,10.89
3175,2025-08-18,302,495,2,2,8.88
3176,2025-08-11,103,462,2,1,4.96
3177,2025-08-27,302,68,2,5,22.19
3178,2025-08-13,205,379,2,1,4.23
3179,2025-08-05,102,363,2,4,13.79
3180,2025-08-27,103,941,2,5,24.8
3181,2025-08-15,301,642,2,3,20.4
3182,2025-08-04,204,649,2,6,15.25
3183,2025-08-25,102,132,2,5,17.24
3184,2025-08-05,101,2,2,4,15.49
3185,2025-08-26,103,1267,2,5,24.8
3186,2025-08-18,302,1407,2,4,17.75
3187,2025-08-15,302,1352,2,5,22.19
3188,2025-08-19,201,1022,2,5,11.8
3189,2025-08-14,302,452,2,5,22.19
3190,2025-08-05,205,107,2,4,16.94
3191,2025-08-12,102,771,2,5,17.24
3192,2025-08-13,101,963,2,4,15.49
3193,2025-08-11,201,1260,2,1,2.36
3194,2025-08-07,102,1107,2,1,3.45
3195,2025-08-15,302,395,2,2,8.88
3196,2025-08-13,301,641,2,3,20.4
3197,2025-08-15,101,661,2,2,7.74
3198,2025-08-23,205,1193,2,4,16.94
3199,2025-08-15,201,353,2,2,4.72
3200,2025-08-08,202,404,2,1,2.9
3201,2025-08-10,303,960,2,1,3.72
3202,2025-08-13,101,1105,2,4,15.49
3203,2025-08-12,101,1332,2,3,11.62
3204,2025-08-28,301,1229,2,1,6.8
3205,2025-08-07,101,807,2,3,11.62
3206,2025-08-01,303,276,2,2,7.45
3207,2025-08-18,101,708,2,6,23.23
3208,2025-08-07,101,1354,2,5,19.36
3209,2025-08-13,201,867,2,4,9.44
3210,2025-08-12,302,849,2,4,17.75
3211,2025-08-26,103,1347,2,1,4.96
3212,2025-08-25,301,1261,2,4,27.2
3213,2025-08-02,203,1422,2,5,10.89
3214,2025-08-17,302,179,2,5,22.19
3215,2025-08-27,304,965,2,2,5.3
3216,2025-08-15,201,698,2,6,14.16
3217,2025-08-03,101,976,2,2,7.74
3218,2025-08-02,103,135,2,2,9.92
3219,2025-08-07,201,1074,2,2,4.72
3220,2025-08-26,301,421,2,4,27.2
3221,2025-08-09,203,560,2,5,10.89
3222,2025-08-06,101,108,2,1,3.87
3223,2025-08-26,103,178,2,4,19.84
3224,2025-08-22,102,1277,2,2,6.9
3225,2025-08-15,101,884,2,6,23.23
3226,2025-08-28,301,1201,2,3,20.4
3227,2025-08-19,304,1444,2,3,7.95
3228,2025-08-11,206,849,2,6,16.34
3229,2025-08-22,206,1352,2,6,16.34
3230,2025-08-25,302,642,2,5,22.19
3231,2025-08-14,103,1242,2,1,4.96
3232,2025-08-10,103,1295,2,5,24.8
3233,2025-08-02,304,778,2,4,10.6
3234,2025-08-04,302,410,2,3,13.32
3235,2025-08-08,301,1190,2,2,13.6
3236,2025-08-23,303,1412,2,1,3.72
3237,2025-08-24,205,1015,2,4,16.94
3238,2025-08-10,202,218,2,3,8.71
3239,2025-08-16,103,178,2,5,24.8
3240,2025-08-14,302,1024,2,1,4.44
3241,2025-08-14,302,1211,2,2,8.88
3242,2025-08-12,304,321,2,3,7.95
3243,2025-08-16,201,1004,2,4,9.44
3244,2025-08-14,301,618,2,4,27.2
3245,2025-08-26,103,447,2,5,24.8
3246,2025-08-11,201,964,2,5,11.8
3247,2025-08-03,303,219,2,1,3.72
3248,2025-08-05,302,1405,2,1,4.44
3249,2025-08-26,203,421,2,1,2.18
3250,2025-08-16,304,470,2,1,2.65
3251,2025-08-27,101,939,2,3,11.62
3252,2025-08-12,302,1478,2,6,26.63
3253,2025-08-10,101,859,2,2,7.74
3254,2025-08-03,101,117,2,5,19.36
3255,2025-08-26,301,460,2,2,13.6
3256,2025-08-04,303,698,2,4,14.89
3257,2025-08-27,301,1368,2,5,34.01
3258,2025-08-10,101,389,2,5,19.36
3259,2025-08-28,101,683,2,5,19.36
3260,2025-08-17,101,262,2,6,23.23
3261,2025-08-10,204,58,3,6,15.25
3262,2025-08-22,201,285,3,3,7.08
3263,2025-08-12,301,984,3,4,27.2
3264,2025-08-23,201,737,3,6,14.16
3265,2025-08-26,201,567,3,2,4.72
3266,2025-08-08,206,877,3,2,5.45
3267,2025-08-02,102,159,3,2,6.9
3268,2025-08-05,101,212,3,1,3.87
3269,2025-08-05,304,1415,3,2,5.3
3270,2025-08-23,101,586,3,3,11.62
3271,2025-08-16,204,809,3,6,15.25
3272,2025-08-22,201,1331,3,6,14.16
3273,2025-08-10,203,1392,3,5,10.89
3274,2025-08-21,102,62,3,4,13.79
3275,2025-08-07,201,639,3,4,9.44
3276,2025-08-27,101,454,3,1,3.87
3277,2025-08-15,201,1314,3,4,9.44
3278,2025-08-28,304,594,3,6,15.89
3279,2025-08-24,202,1388,3,3,8.71
3280,2025-08-25,201,1132,3,3,7.08
3281,2025-08-01,302,289,3,2,8.88
3282,2025-08-03,303,931,3,4,14.89
3283,2025-08-05,302,87,3,3,13.32
3284,2025-08-17,302,1221,3,2,8.88
3285,2025-08-07,202,1414,3,3,8.71
3286,2025-08-25,102,15,3,1,3.45
3287,2025-08-11,205,1234,3,6,25.41
3288,2025-08-04,201,921,3,1,2.36
3289,2025-08-07,301,378,3,5,34.01
3290,2025-08-22,102,1449,3,6,20.69
3291,2025-08-17,301,721,3,3,20.4
3292,2025-08-20,302,1232,3,5,22.19
3293,2025-08-26,102,67,3,6,20.69
3294,2025-08-19,202,1080,3,6,17.42
3295,2025-08-02,201,520,3,4,9.44
3296,2025-08-19,201,1265,3,4,9.44
3297,2025-08-16,304,776,3,1,2.65
3298,2025-08-19,303,417,3,5,18.61
3299,2025-08-08,302,847,3,5,22.19
3300,2025-08-28,201,66,3,6,14.16
3301,2025-08-19,302,457,3,6,26.63
3302,2025-08-17,201,414,3,1,2.36
3303,2025-08-08,101,733,3,4,15.49
3304,2025-08-03,101,493,3,1,3.87
3305,2025-08-14,202,26,3,5,14.52
3306,2025-08-26,202,1493,3,6,17.42
3307,2025-08-25,205,1215,3,3,12.71
3308,2025-08-19,206,381,3,4,10.89
3309,2025-08-10,202,224,3,5,14.52
3310,2025-08-18,302,1416,3,4,17.75
3311,2025-08-21,201,360,3,5,11.8
3312,2025-08-03,101,614,3,4,15.49
3313,2025-08-01,206,200,3,4,10.89
3314,2025-08-24,101,472,3,6,23.23
3315,2025-08-22,102,461,3,3,10.35
3316,2025-08-07,201,1429,3,4,9.44
3317,2025-08-25,102,525,3,1,3.45
3318,2025-08-23,201,1080,3,5,11.8
3319,2025-08-05,205,228,3,1,4.23
3320,2025-08-08,302,122,3,1,4.44
3321,2025-08-06,301,220,3,3,20.4
3322,2025-08-04,301,957,3,3,20.4
3323,2025-08-15,301,988,3,5,34.01
3324,2025-08-20,101,509,3,6,23.23
3325,2025-08-26,301,194,3,3,20.4
3326,2025-08-26,201,343,3,4,9.44
3327,2025-08-24,203,33,3,3,6.53
3328,2025-08-26,302,1493,3,5,22.19
3329,2025-08-06,101,261,3,1,3.87
3330,2025-08-27,201,1363,3,5,11.8
3331,2025-08-25,202,1274,3,4,11.62
3332,2025-08-28,201,720,3,3,7.08
3333,2025-08-04,302,997,3,4,17.75
3334,2025-08-07,301,290,3,4,27.2
3335,2025-08-16,102,1179,3,6,20.69
3336,2025-08-24,301,406,3,1,6.8
3337,2025-08-18,302,1497,3,4,17.75
3338,2025-08-21,202,687,3,3,8.71
3339,2025-08-02,102,850,3,1,3.45
3340,2025-08-12,102,26,3,5,17.24
3341,2025-08-21,304,633,3,3,7.95
3342,2025-08-11,201,880,3,1,2.36
3343,2025-08-20,101,1011,3,1,3.87
3344,2025-08-19,203,251,3,1,2.18
3345,2025-08-18,202,1416,3,5,14.52
3346,2025-08-20,301,58,3,1,6.8
3347,2025-08-11,302,438,3,6,26.63
3348,2025-08-10,201,66,3,4,9.44
3349,2025-08-10,302,1323,3,1,4.44
3350,2025-08-23,303,472,3,2,7.45
3351,2025-08-09,302,634,3,2,8.88
3352,2025-08-17,302,681,3,1,4.44
3353,2025-08-24,101,549,3,3,11.62
3354,2025-08-10,201,609,3,1,2.36
3355,2025-08-28,102,254,3,1,3.45
3356,2025-08-20,303,201,3,5,18.61
3357,2025-08-09,201,1494,3,1,2.36
3358,2025-08-06,201,1167,3,1,2.36
3359,2025-08-08,102,97,3,1,3.45
3360,2025-08-25,201,1069,3,5,11.8
3361,2025-08-26,302,1395,3,1,4.44
3362,2025-08-28,203,1363,3,5,10.89
3363,2025-08-22,203,546,3,5,10.89
3364,2025-08-25,101,67,3,4,15.49
3365,2025-08-03,201,1313,3,4,9.44
3366,2025-08-02,201,254,3,6,14.16
3367,2025-08-01,101,207,3,5,19.36
3368,2025-08-16,302,669,3,1,4.44
3369,2025-08-09,201,282,3,1,2.36
3370,2025-08-26,204,439,3,5,12.71
3371,2025-08-06,101,1304,3,2,7.74
3372,2025-08-28,302,206,3,6,26.63
3373,2025-08-16,205,386,3,1,4.23
3374,2025-08-06,301,1449,3,2,13.6
3375,2025-08-17,303,428,3,6,22.34
3376,2025-08-22,304,1012,3,1,2.65
3377,2025-08-26,302,1429,3,5,22.19
3378,2025-08-16,301,1080,3,2,13.6
3379,2025-08-07,103,1232,3,4,19.84
3380,2025-08-27,206,1040,3,2,5.45
3381,2025-08-13,201,1186,3,2,4.72
3382,2025-08-09,303,665,4,3,11.17
3383,2025-08-23,205,1123,4,1,4.23
3384,2025-08-16,201,8,4,5,11.8
3385,2025-08-19,304,502,4,4,10.6
3386,2025-08-05,301,1465,4,6,40.81
3387,2025-08-19,102,309,4,6,20.69
3388,2025-08-05,304,116,4,2,5.3
3389,2025-08-24,103,123,4,2,9.92
3390,2025-08-13,301,332,4,6,40.81
3391,2025-08-04,304,1463,4,3,7.95
3392,2025-08-23,101,299,4,2,7.74
3393,2025-08-14,302,293,4,1,4.44
3394,2025-08-05,201,362,4,4,9.44
3395,2025-08-28,301,1016,4,1,6.8
3396,2025-08-13,201,1308,4,4,9.44
3397,2025-08-22,301,530,4,4,27.2
3398,2025-08-07,303,1057,4,2,7.45
3399,2025-08-28,201,655,4,6,14.16
3400,2025-08-14,202,125,4,3,8.71
3401,2025-08-15,201,407,4,4,9.44
3402,2025-08-24,101,1183,4,1,3.87
3403,2025-08-14,202,299,4,2,5.81
3404,2025-08-10,303,750,4,2,7.45
3405,2025-08-16,101,1334,4,1,3.87
3406,2025-08-12,101,818,4,4,15.49
3407,2025-08-07,206,745,4,4,10.89
3408,2025-08-09,302,408,4,4,17.75
3409,2025-08-05,202,45,4,4,11.62
3410,2025-08-16,301,1048,4,6,40.81
3411,2025-08-17,103,358,4,5,24.8
3412,2025-08-12,101,1318,4,6,23.23
3413,2025-08-09,201,1301,4,1,2.36
3414,2025-08-13,301,54,4,6,40.81
3415,2025-08-08,101,752,4,1,3.87
3416,2025-08-25,201,1396,4,2,4.72
3417,2025-08-26,302,1334,4,5,22.19
3418,2025-08-16,303,1325,4,6,22.34
3419,2025-08-11,101,1389,4,1,3.87
3420,2025-08-01,202,1231,4,3,8.71
3421,2025-08-24,102,828,4,1,3.45
3422,2025-08-09,301,743,4,4,27.2
3423,2025-08-13,204,1441,4,6,15.25
3424,2025-08-13,203,1197,4,1,2.18
3425,2025-08-11,205,123,4,2,8.47
3426,2025-08-16,303,654,4,3,11.17
3427,2025-08-08,202,1133,4,4,11.62
3428,2025-08-23,303,197,4,1,3.72
3429,2025-08-08,101,1109,4,2,7.74
3430,2025-08-15,303,1114,4,2,7.45
3431,2025-08-03,202,291,4,6,17.42
3432,2025-08-15,301,335,4,5,34.01
3433,2025-08-07,103,1026,4,2,9.92
3434,2025-08-01,101,1484,4,3,11.62
3435,2025-08-21,202,1490,4,3,8.71
3436,2025-08-03,303,938,4,2,7.45
3437,2025-08-04,303,246,4,5,18.61
3438,2025-08-18,301,654,4,5,34.01
3439,2025-08-09,101,1346,4,6,23.23
3440,2025-08-24,101,19,4,6,23.23
3441,2025-08-27,303,584,4,4,14.89
3442,2025-08-04,301,237,4,3,20.4
3443,2025-08-19,202,748,4,2,5.81
3444,2025-08-12,101,993,4,6,23.23
3445,2025-08-23,301,413,4,5,34.01
3446,2025-08-21,101,1455,4,1,3.87
3447,2025-08-07,101,455,4,3,11.62
3448,2025-08-24,302,123,4,2,8.88
3449,2025-08-27,301,541,4,2,13.6
3450,2025-08-15,102,167,4,3,10.35
3451,2025-08-20,206,332,4,2,5.45
3452,2025-08-24,101,533,4,6,23.23
3453,2025-08-27,201,1135,4,3,7.08
3454,2025-08-27,101,407,4,1,3.87
3455,2025-08-06,202,1032,4,1,2.9
3456,2025-08-22,101,1123,4,2,7.74
3457,2025-08-07,101,189,4,2,7.74
3458,2025-08-14,101,612,4,1,3.87
3459,2025-08-09,301,1315,4,2,13.6
3460,2025-08-17,301,1498,4,6,40.81
3461,2025-08-11,303,1175,4,5,18.61
3462,2025-08-18,101,1443,4,5,19.36
3463,2025-08-14,103,455,4,4,19.84
3464,2025-08-09,205,841,4,4,16.94
3465,2025-08-24,201,54,4,2,4.72
3466,2025-08-13,102,1342,4,3,10.35
3467,2025-08-28,202,1475,4,1,2.9
3468,2025-08-05,101,128,4,6,23.23
3469,2025-08-18,103,300,4,6,29.77
3470,2025-08-21,203,1475,4,4,8.71
3471,2025-08-02,301,1308,4,2,13.6
3472,2025-08-26,102,317,4,2,6.9
3473,2025-08-17,103,1351,4,1,4.96
3474,2025-08-18,303,1383,4,2,7.45
3475,2025-08-18,101,246,4,5,19.36
3476,2025-08-18,201,335,4,3,7.08
3477,2025-08-14,302,1249,4,1,4.44
3478,2025-08-05,302,590,4,2,8.88
3479,2025-08-17,301,362,4,1,6.8
3480,2025-08-14,205,1364,4,1,4.23
3481,2025-08-15,101,413,4,3,11.62
3482,2025-08-01,301,90,4,3,20.4
3483,2025-08-25,301,71,4,1,6.8
3484,2025-08-01,303,210,4,6,22.34
3485,2025-08-26,201,1481,4,6,14.16
3486,2025-08-07,101,1231,4,6,23.23
3487,2025-08-15,303,1343,4,1,3.72
3488,2025-08-26,206,73,4,1,2.72
3489,2025-08-11,301,1042,4,3,20.4
3490,2025-08-21,206,773,4,5,13.61
3491,2025-08-06,301,221,4,3,20.4
3492,2025-08-20,203,1465,4,2,4.36
3493,2025-08-16,203,1318,4,3,6.53
3494,2025-08-05,303,465,4,1,3.72
3495,2025-08-17,302,120,4,3,13.32
3496,2025-08-02,201,1278,4,4,9.44
3497,2025-08-02,202,125,4,1,2.9
3498,2025-09-13,301,616,1,2,15.02
3499,2025-09-12,206,1270,1,1,2.79
3500,2025-09-05,203,738,1,5,11.16
3501,2025-09-08,201,769,1,1,2.42
3502,2025-09-17,101,412,1,3,11.9
3503,2025-09-22,304,65,1,3,8.77
3504,2025-09-26,201,995,1,2,4.84
3505,2025-09-18,201,1251,1,1,2.42
3506,2025-09-02,101,749,1,4,15.87
3507,2025-09-20,102,1063,1,4,14.14
3508,2025-09-12,204,1430,1,5,13.02
3509,2025-09-25,304,1090,1,5,14.62
3510,2025-09-06,303,209,1,5,20.55
3511,2025-09-26,101,65,1,3,11.9
3512,2025-09-09,303,935,1,4,16.44
3513,2025-09-17,101,1287,1,5,19.84
3514,2025-09-24,101,481,1,6,23.81
3515,2025-09-06,303,948,1,6,24.66
3516,2025-09-08,303,915,1,4,16.44
3517,2025-09-25,102,370,1,6,21.2
3518,2025-09-13,203,508,1,1,2.23
3519,2025-09-03,103,248,1,6,30.5
3520,2025-09-22,301,547,1,5,37.55
3521,2025-09-19,301,1122,1,5,37.55
3522,2025-09-10,301,749,1,6,45.06
3523,2025-09-08,201,780,1,1,2.42
3524,2025-09-12,301,1263,1,2,15.02
3525,2025-09-14,301,384,1,5,37.55
3526,2025-09-03,101,842,1,3,11.9
3527,2025-09-10,302,1087,1,4,19.6
3528,2025-09-25,201,674,1,3,7.25
3529,2025-09-06,301,738,1,1,7.51
3530,2025-09-22,301,660,1,6,45.06
3531,2025-09-06,201,547,1,6,14.51
3532,2025-09-01,102,1150,1,6,21.2
3533,2025-09-10,101,769,1,4,15.87
3534,2025-09-17,301,995,1,3,22.53
3535,2025-09-17,303,36,1,5,20.55
3536,2025-09-04,301,660,1,6,45.06
3537,2025-09-17,103,915,1,6,30.5
3538,2025-09-11,102,1270,1,3,10.6
3539,2025-09-20,304,1218,1,4,11.7
3540,2025-09-11,101,55,1,6,23.81
3541,2025-09-02,201,531,1,6,14.51
3542,2025-09-07,102,1404,1,2,7.07
3543,2025-09-27,302,927,1,2,9.8
3544,2025-09-23,103,188,1,3,15.25
3545,2025-09-26,201,248,1,2,4.84
3546,2025-09-04,302,1251,1,1,4.9
3547,2025-09-15,205,1263,1,5,21.7
3548,2025-09-18,302,65,1,1,4.9
3549,2025-09-08,205,1028,1,2,8.68
3550,2025-09-07,101,869,1,6,23.81
3551,2025-09-21,102,579,1,4,14.14
3552,2025-09-14,304,53,1,1,2.92
3553,2025-09-25,301,1054,1,1,7.51
3554,2025-09-25,301,587,1,4,30.04
3555,2025-09-15,304,875,1,1,2.92
3556,2025-09-24,302,927,1,5,24.51
3557,2025-09-06,302,383,1,1,4.9
3558,2025-09-19,302,158,1,1,4.9
3559,2025-09-04,201,948,1,4,9.67
3560,2025-09-17,101,17,1,5,19.84
3561,2025-09-11,103,852,1,4,20.34
3562,2025-09-09,206,1272,1,4,11.16
3563,2025-09-04,201,1270,1,5,12.09
3564,2025-09-20,303,1205,1,1,4.11
3565,2025-09-20,102,1439,1,3,10.6
3566,2025-09-03,201,564,1,1,2.42
3567,2025-09-28,205,927,1,1,4.34
3568,2025-09-10,206,158,1,5,13.95
3569,2025-09-08,203,712,1,2,4.46
3570,2025-09-27,203,44,1,3,6.7
3571,2025-09-07,205,320,1,4,17.36
3572,2025-09-07,302,1043,1,2,9.8
3573,2025-09-03,205,436,1,2,8.68
3574,2025-09-11,203,780,1,3,6.7
3575,2025-09-02,101,1218,1,3,11.9
3576,2025-09-10,301,239,1,6,45.06
3577,2025-09-24,203,60,1,4,8.93
3578,2025-09-01,302,1413,1,6,29.41
3579,2025-09-16,301,712,1,2,15.02
3580,2025-09-02,202,915,1,6,17.86
3581,2025-09-24,301,209,1,1,7.51
3582,2025-09-02,202,371,1,1,2.98
3583,2025-09-17,302,382,1,1,4.9
3584,2025-09-20,201,112,1,4,9.67
3585,2025-09-13,302,264,1,1,4.9
3586,2025-09-11,301,1310,1,1,7.51
3587,2025-09-25,102,392,1,2,7.07
3588,2025-09-02,303,1096,2,3,12.33
3589,2025-09-14,205,1478,2,2,8.68
3590,2025-09-28,101,1248,2,6,23.81
3591,2025-09-21,203,399,2,5,11.16
3592,2025-09-27,301,691,2,5,37.55
3593,2025-09-04,201,629,2,1,2.42
3594,2025-09-01,201,1375,2,5,12.09
3595,2025-09-11,304,771,2,2,5.85
3596,2025-09-18,103,1376,2,6,30.5
3597,2025-09-07,101,615,2,1,3.97
3598,2025-09-24,301,333,2,5,37.55
3599,2025-09-12,101,1158,2,6,23.81
3600,2025-09-20,302,143,2,1,4.9
3601,2025-09-19,205,177,2,5,21.7
3602,2025-09-19,302,483,2,3,14.7
3603,2025-09-15,303,673,2,6,24.66
3604,2025-09-13,301,1482,2,2,15.02
3605,2025-09-14,301,1482,2,6,45.06
3606,2025-09-10,302,1426,2,6,29.41
3607,2025-09-24,301,1166,2,5,37.55
3608,2025-09-10,101,401,2,5,19.84
3609,2025-09-19,206,976,2,3,8.37
3610,2025-09-08,301,409,2,5,37.55
3611,2025-09-10,201,68,2,1,2.42
3612,2025-09-19,302,514,2,3,14.7
3613,2025-09-04,304,491,2,2,5.85
3614,2025-09-10,303,396,2,2,8.22
3615,2025-09-13,302,1457,2,4,19.6
3616,2025-09-14,301,70,2,1,7.51
3617,2025-09-05,304,1010,2,4,11.7
3618,2025-09-25,301,1072,2,4,30.04
3619,2025-09-21,304,1127,2,1,2.92
3620,2025-09-10,102,1451,2,2,7.07
3621,2025-09-08,304,1352,2,6,17.55
3622,2025-09-22,301,928,2,3,22.53
3623,2025-09-05,301,1450,2,5,37.55
3624,2025-09-27,302,12,2,3,14.7
3625,2025-09-22,303,319,2,4,16.44
3626,2025-09-19,304,1106,2,6,17.55
3627,2025-09-26,201,409,2,5,12.09
3628,2025-09-18,202,409,2,3,8.93
3629,2025-09-03,203,1424,2,3,6.7
3630,2025-09-12,201,1025,2,4,9.67
3631,2025-09-01,301,1451,2,2,15.02
3632,2025-09-04,204,404,2,4,10.42
3633,2025-09-11,302,1478,2,5,24.51
3634,2025-09-09,201,506,2,1,2.42
3635,2025-09-18,302,415,2,4,19.6
3636,2025-09-28,103,1326,2,3,15.25
3637,2025-09-28,103,83,2,1,5.08
3638,2025-09-16,302,597,2,2,9.8
3639,2025-09-28,101,1337,2,6,23.81
3640,2025-09-13,203,170,2,4,8.93
3641,2025-09-27,304,980,2,1,2.92
3642,2025-09-03,205,510,2,1,4.34
3643,2025-09-27,302,77,2,3,14.7
3644,2025-09-13,101,1375,2,1,3.97
3645,2025-09-09,101,216,2,6,23.81
3646,2025-09-03,201,832,2,5,12.09
3647,2025-09-25,101,470,2,4,15.87
3648,2025-09-07,303,1128,2,5,20.55
3649,2025-09-05,301,147,2,6,45.06
3650,2025-09-21,302,731,2,2,9.8
3651,2025-09-15,103,1128,2,4,20.34
3652,2025-09-06,301,157,2,4,30.04
3653,2025-09-05,302,1019,2,4,19.6
3654,2025-09-22,302,353,2,4,19.6
3655,2025-09-01,301,1434,2,3,22.53
3656,2025-09-28,302,1269,2,6,29.41
3657,2025-09-13,302,143,2,4,19.6
3658,2025-09-23,304,179,2,5,14.62
3659,2025-09-01,302,1005,2,3,14.7
3660,2025-09-18,304,689,2,6,17.55
3661,2025-09-07,101,539,2,2,7.94
3662,2025-09-05,204,819,2,1,2.6
3663,2025-09-07,201,892,2,2,4.84
3664,2025-09-04,303,1198,2,4,16.44
3665,2025-09-15,206,30,2,1,2.79
3666,2025-09-22,102,277,2,2,7.07
3667,2025-09-01,101,968,2,2,7.94
3668,2025-09-08,101,1336,2,4,15.87
3669,2025-09-05,304,1198,2,3,8.77
3670,2025-09-12,205,964,2,5,21.7
3671,2025-09-15,101,198,2,2,7.94
3672,2025-09-10,303,801,2,5,20.55
3673,2025-09-24,103,458,2,1,5.08
3674,2025-09-02,303,396,2,3,12.33
3675,2025-09-17,303,134,2,3,12.33
3676,2025-09-14,304,724,2,1,2.92
3677,2025-09-08,103,1158,2,1,5.08
3678,2025-09-27,102,277,2,3,10.6
3679,2025-09-04,202,398,2,5,14.88
3680,2025-09-26,303,1296,2,6,24.66
3681,2025-09-06,301,198,2,2,15.02
3682,2025-09-21,101,244,2,2,7.94
3683,2025-09-18,303,483,2,5,20.55
3684,2025-09-09,101,1349,2,2,7.94
3685,2025-09-06,303,1482,2,4,16.44
3686,2025-09-27,206,1269,2,6,16.74
3687,2025-09-20,302,1113,2,6,29.41
3688,2025-09-28,103,607,2,4,20.34
3689,2025-09-08,303,306,2,5,20.55
3690,2025-09-18,303,825,2,2,8.22
3691,2025-09-08,202,1482,2,3,8.93
3692,2025-09-01,302,1271,2,6,29.41
3693,2025-09-18,302,1092,2,5,24.51
3694,2025-09-15,301,914,3,1,7.51
3695,2025-09-28,301,954,3,4,30.04
3696,2025-09-17,103,263,3,4,20.34
3697,2025-09-12,302,1489,3,1,4.9
3698,2025-09-05,101,172,3,5,19.84
3699,2025-09-06,206,393,3,2,5.58
3700,2025-09-22,205,282,3,3,13.02
3701,2025-09-22,101,1314,3,4,15.87
3702,2025-09-18,201,844,3,3,7.25
3703,2025-09-09,303,756,3,6,24.66
3704,2025-09-03,203,1012,3,6,13.39
3705,2025-09-03,206,1136,3,2,5.58
3706,2025-09-13,101,864,3,5,19.84
3707,2025-09-18,301,1186,3,1,7.51
3708,2025-09-09,202,423,3,6,17.86
3709,2025-09-18,202,525,3,5,14.88
3710,2025-09-06,301,233,3,1,7.51
3711,2025-09-28,302,617,3,1,4.9
3712,2025-09-23,302,1429,3,5,24.51
3713,2025-09-14,103,1408,3,5,25.42
3714,2025-09-09,204,977,3,6,15.62
3715,2025-09-05,304,546,3,6,17.55
3716,2025-09-28,302,1440,3,3,14.7
3717,2025-09-21,205,122,3,5,21.7
3718,2025-09-12,206,850,3,3,8.37
3719,2025-09-15,205,1473,3,5,21.7
3720,2025-09-21,302,820,3,6,29.41
3721,2025-09-08,101,1071,3,2,7.94
3722,2025-09-16,201,357,3,4,9.67
3723,2025-09-06,203,41,3,6,13.39
3724,2025-09-09,303,701,3,4,16.44
3725,2025-09-03,301,1408,3,5,37.55
3726,2025-09-16,205,1227,3,4,17.36
3727,2025-09-18,202,265,3,4,11.9
3728,2025-09-14,302,966,3,5,24.51
3729,2025-09-27,202,236,3,2,5.95
3730,2025-09-07,201,951,3,5,12.09
3731,2025-09-26,304,1292,3,1,2.92
3732,2025-09-17,202,3,3,6,17.86
3733,2025-09-22,201,1258,3,2,4.84
3734,2025-09-02,302,1371,3,3,14.7
3735,2025-09-22,201,669,3,1,2.42
3736,2025-09-13,301,1428,3,4,30.04
3737,2025-09-15,205,1134,3,6,26.04
3738,2025-09-04,101,290,3,6,23.81
3739,2025-09-06,201,1469,3,5,12.09
3740,2025-09-09,201,453,3,3,7.25
3741,2025-09-13,102,876,3,5,17.67
3742,2025-09-05,204,662,3,2,5.21
3743,2025-09-10,302,342,3,5,24.51
3744,2025-09-05,205,1357,3,6,26.04
3745,2025-09-28,202,486,3,5,14.88
3746,2025-09-28,302,356,3,2,9.8
3747,2025-09-04,203,634,3,5,11.16
3748,2025-09-03,201,1360,3,3,7.25
3749,2025-09-06,301,1045,3,3,22.53
3750,2025-09-16,301,334,3,6,45.06
3751,2025-09-13,302,290,3,3,14.7
3752,2025-09-13,304,1181,3,2,5.85
3753,2025-09-08,103,636,3,6,30.5
3754,2025-09-12,202,205,3,6,17.86
3755,2025-09-04,103,1108,3,5,25.42
3756,2025-09-12,301,41,3,3,22.53
3757,2025-09-17,303,479,3,4,16.44
3758,2025-09-11,303,26,3,5,20.55
3759,2025-09-25,205,1356,3,4,17.36
3760,2025-09-08,201,9,3,3,7.25
3761,2025-09-20,102,226,3,6,21.2
3762,2025-09-27,302,1167,3,5,24.51
3763,2025-09-16,101,1207,3,1,3.97
3764,2025-09-07,202,1012,3,1,2.98
3765,2025-09-19,302,423,3,3,14.7
3766,2025-09-03,201,681,3,1,2.42
3767,2025-09-03,102,596,3,3,10.6
3768,2025-09-11,201,609,3,1,2.42
3769,2025-09-24,102,316,3,2,7.07
3770,2025-09-27,201,777,3,2,4.84
3771,2025-09-04,202,425,3,5,14.88
3772,2025-09-28,302,580,3,4,19.6
3773,2025-09-09,101,265,3,5,19.84
3774,2025-09-26,301,212,3,6,45.06
3775,2025-09-02,201,664,3,1,2.42
3776,2025-09-20,102,1040,3,4,14.14
3777,2025-09-23,303,1186,3,1,4.11
3778,2025-09-02,202,1221,3,5,14.88
3779,2025-09-25,301,914,3,2,15.02
3780,2025-09-05,101,423,3,3,11.9
3781,2025-09-18,302,1493,3,5,24.51
3782,2025-09-05,201,617,3,2,4.84
3783,2025-09-14,203,113,3,4,8.93
3784,2025-09-17,303,774,3,5,20.55
3785,2025-09-18,302,826,3,4,19.6
3786,2025-09-05,201,951,3,2,4.84
3787,2025-09-11,301,1454,3,5,37.55
3788,2025-09-18,302,1274,3,3,14.7
3789,2025-09-14,201,681,3,5,12.09
3790,2025-09-26,302,1395,3,3,14.7
3791,2025-09-06,302,962,3,3,14.7
3792,2025-09-04,101,171,3,5,19.84
3793,2025-09-11,302,41,3,4,19.6
3794,2025-09-02,101,87,3,1,3.97
3795,2025-09-12,102,1289,3,3,10.6
3796,2025-09-08,103,141,3,6,30.5
3797,2025-09-21,303,224,3,2,8.22
3798,2025-09-03,302,373,3,3,14.7
3799,2025-09-16,101,62,3,3,11.9
3800,2025-09-21,202,788,3,6,17.86
3801,2025-09-22,203,201,3,2,4.46
3802,2025-09-28,201,1011,3,3,7.25
3803,2025-09-13,202,1179,3,4,11.9
3804,2025-09-16,205,260,3,6,26.04
3805,2025-09-08,202,786,3,6,17.86
3806,2025-09-26,202,820,3,6,17.86
3807,2025-09-21,301,772,3,3,22.53
3808,2025-09-05,102,684,3,1,3.53
3809,2025-09-06,304,1016,4,6,17.55
3810,2025-09-17,201,585,4,1,2.42
3811,2025-09-23,301,1351,4,2,15.02
3812,2025-09-24,301,332,4,1,7.51
3813,2025-09-05,102,529,4,1,3.53
3814,2025-09-01,204,828,4,6,15.62
3815,2025-09-13,205,25,4,1,4.34
3816,2025-09-08,303,1117,4,5,20.55
3817,2025-09-07,201,1389,4,2,4.84
3818,2025-09-18,202,413,4,1,2.98
3819,2025-09-17,301,230,4,4,30.04
3820,2025-09-26,206,482,4,2,5.58
3821,2025-09-15,303,878,4,4,16.44
3822,2025-09-18,201,715,4,3,7.25
3823,2025-09-05,202,1455,4,4,11.9
3824,2025-09-05,303,245,4,3,12.33
3825,2025-09-24,202,1177,4,6,17.86
3826,2025-09-18,201,654,4,6,14.51
3827,2025-09-02,301,1379,4,4,30.04
3828,2025-09-15,303,309,4,6,24.66
3829,2025-09-03,206,1183,4,2,5.58
3830,2025-09-15,301,585,4,2,15.02
3831,2025-09-19,303,497,4,6,24.66
3832,2025-09-11,303,492,4,1,4.11
3833,2025-09-19,101,568,4,5,19.84
3834,2025-09-04,301,1129,4,2,15.02
3835,2025-09-28,301,1481,4,6,45.06
3836,2025-09-08,101,1389,4,3,11.9
3837,2025-09-06,203,889,4,2,4.46
3838,2025-09-08,206,1465,4,6,16.74
3839,2025-09-07,302,851,4,5,24.51
3840,2025-09-09,203,1119,4,3,6.7
3841,2025-09-21,101,1191,4,6,23.81
3842,2025-09-08,301,408,4,4,30.04
3843,2025-09-08,301,54,4,3,22.53
3844,2025-09-28,203,671,4,3,6.7
3845,2025-09-20,204,304,4,4,10.42
3846,2025-09-20,102,1479,4,4,14.14
3847,2025-09-19,202,465,4,2,5.95
3848,2025-09-02,202,905,4,2,5.95
3849,2025-09-15,103,1322,4,5,25.42
3850,2025-09-04,303,568,4,6,24.66
3851,2025-09-05,202,1468,4,3,8.93
3852,2025-09-08,303,325,4,5,20.55
3853,2025-09-25,101,271,4,6,23.81
3854,2025-09-13,101,128,4,3,11.9
3855,2025-09-02,203,121,4,2,4.46
3856,2025-09-16,201,1192,4,5,12.09
3857,2025-09-28,202,1448,4,5,14.88
3858,2025-09-07,202,1031,4,6,17.86
3859,2025-09-06,206,645,4,3,8.37
3860,2025-09-02,205,116,4,4,17.36
3861,2025-09-10,102,643,4,3,10.6
3862,2025-09-03,303,1459,4,6,24.66
3863,2025-09-11,302,299,4,5,24.51
3864,2025-09-27,202,411,4,3,8.93
3865,2025-09-19,303,246,4,6,24.66
3866,2025-09-21,101,1465,4,2,7.94
3867,2025-09-19,101,961,4,6,23.81
3868,2025-09-10,206,528,4,1,2.79
3869,2025-09-28,202,1291,4,6,17.86
3870,2025-09-27,102,522,4,5,17.67
3871,2025-09-14,303,1196,4,5,20.55
3872,2025-09-19,101,1259,4,6,23.81
3873,2025-09-05,101,1067,4,1,3.97
3874,2025-09-24,101,372,4,2,7.94
3875,2025-09-04,101,1184,4,2,7.94
3876,2025-09-05,202,128,4,6,17.86
3877,2025-09-22,101,237,4,6,23.81
3878,2025-09-13,101,292,4,4,15.87
3879,2025-09-02,101,309,4,2,7.94
3880,2025-09-15,205,335,4,1,4.34
3881,2025-09-24,301,1325,4,6,45.06
3882,2025-09-07,301,568,4,2,15.02
3883,2025-09-07,101,1133,4,5,19.84
3884,2025-09-18,201,31,4,2,4.84
3885,2025-09-21,206,804,4,4,11.16
3886,2025-09-05,301,752,4,1,7.51
3887,2025-09-10,101,57,4,1,3.97
3888,2025-09-13,301,1319,4,6,45.06
3889,2025-09-28,101,25,4,3,11.9
3890,2025-09-05,204,367,4,3,7.81
3891,2025-09-05,204,45,4,4,10.42
3892,2025-09-07,302,1009,4,5,24.51
3893,2025-09-24,304,1042,4,3,8.77
3894,2025-09-26,302,8,4,1,4.9
3895,2025-09-23,301,1448,4,2,15.02
3896,2025-09-25,204,1479,4,2,5.21
3897,2025-09-25,202,269,4,1,2.98
3898,2025-09-04,103,351,4,4,20.34
3899,2025-09-12,201,1379,4,4,9.67
3900,2025-09-13,201,829,4,3,7.25
3901,2025-09-07,301,73,4,2,15.02
3902,2025-09-24,201,390,4,1,2.42
3903,2025-09-02,101,1124,4,4,15.87
3904,2025-09-06,101,1228,4,5,19.84
3905,2025-09-09,103,163,4,4,20.34
3906,2025-09-02,101,1154,4,5,19.84
3907,2025-09-14,301,1129,4,1,7.51
3908,2025-09-14,303,608,4,1,4.11
3909,2025-09-17,101,293,4,3,11.9
3910,2025-09-28,201,407,4,3,7.25
3911,2025-09-21,302,19,4,6,29.41
3912,2025-09-28,103,754,4,6,30.5
3913,2025-09-04,101,45,4,1,3.97
3914,2025-09-16,205,1432,4,4,17.36
3915,2025-09-15,303,1016,4,6,24.66
3916,2025-09-20,202,169,4,3,8.93
3917,2025-09-22,201,961,4,5,12.09
3918,2025-09-27,201,455,4,4,9.67
3919,2025-09-16,303,293,4,3,12.33
3920,2025-09-15,101,1141,4,3,11.9
3921,2025-09-18,101,163,4,1,3.97
3922,2025-09-04,301,106,4,5,37.55
3923,2025-09-26,102,1114,4,6,21.2
3924,2025-09-15,203,1070,4,1,2.23
3925,2025-09-16,201,408,4,1,2.42
3926,2025-09-18,202,31,4,1,2.98
3927,2025-09-22,202,1009,4,6,17.86
3928,2025-09-19,202,86,4,2,5.95
3929,2025-09-11,303,167,4,1,4.11
3930,2025-09-17,202,120,4,2,5.95
3931,2025-10-02,203,842,1,2,4.57
3932,2025-10-03,301,65,1,3,24.73
3933,2025-10-12,302,935,1,3,16.14
3934,2025-10-10,303,376,1,4,18.05
3935,2025-10-04,302,1237,1,2,10.76
3936,2025-10-19,102,802,1,1,3.62
3937,2025-10-28,102,935,1,5,18.1
3938,2025-10-14,301,1237,1,4,32.98
3939,2025-10-16,202,51,1,3,9.14
3940,2025-10-01,102,606,1,5,18.1
3941,2025-10-26,102,1411,1,6,21.72
3942,2025-10-06,102,1488,1,4,14.48
3943,2025-10-09,303,802,1,4,18.05
3944,2025-10-27,302,259,1,4,21.52
3945,2025-10-03,101,927,1,5,20.32
3946,2025-10-23,102,857,1,2,7.24
3947,2025-10-09,101,738,1,1,4.06
3948,2025-10-10,202,592,1,1,3.05
3949,2025-10-25,206,92,1,1,2.86
3950,2025-10-15,302,1027,1,1,5.38
3951,2025-10-04,203,450,1,4,9.14
3952,2025-10-21,101,484,1,6,24.38
3953,2025-10-25,204,971,1,5,13.34
3954,2025-10-19,101,1355,1,6,24.38
3955,2025-10-21,301,1218,1,6,49.47
3956,2025-10-11,103,440,1,1,5.21
3957,2025-10-03,301,577,1,6,49.47
3958,2025-10-09,301,1054,1,1,8.24
3959,2025-10-26,205,1027,1,1,4.45
3960,2025-10-27,201,871,1,5,12.38
3961,2025-10-26,303,1043,1,4,18.05
3962,2025-10-21,203,403,1,4,9.14
3963,2025-10-15,206,1028,1,2,5.71
3964,2025-10-27,202,779,1,1,3.05
3965,2025-10-24,201,531,1,5,12.38
3966,2025-10-04,101,259,1,4,16.26
3967,2025-10-02,102,862,1,3,10.86
3968,2025-10-08,203,418,1,3,6.86
3969,2025-10-14,302,352,1,3,16.14
3970,2025-10-17,102,1150,1,6,21.72
3971,2025-10-19,205,986,1,3,13.34
3972,2025-10-15,303,1472,1,5,22.56
3973,2025-10-27,101,484,1,6,24.38
3974,2025-10-28,101,1139,1,4,16.26
3975,2025-10-15,101,72,1,2,8.13
3976,2025-10-28,203,320,1,5,11.43
3977,2025-10-02,101,270,1,4,16.26
3978,2025-10-01,301,1087,1,6,49.47
3979,2025-10-09,302,133,1,6,32.28
3980,2025-10-26,302,111,1,5,26.9
3981,2025-10-23,102,1333,1,6,21.72
3982,2025-10-20,205,886,1,5,22.23
3983,2025-10-15,302,249,1,5,26.9
3984,2025-10-15,303,36,1,1,4.51
3985,2025-10-17,301,1081,1,5,41.22
3986,2025-10-22,205,894,1,3,13.34
3987,2025-10-18,101,716,1,1,4.06
3988,2025-10-18,302,247,1,3,16.14
3989,2025-10-15,101,638,1,1,4.06
3990,2025-10-08,203,991,1,6,13.72
3991,2025-10-12,304,808,1,5,16.05
3992,2025-10-06,303,78,1,5,22.56
3993,2025-10-18,302,64,1,3,16.14
3994,2025-10-16,202,1140,1,3,9.14
3995,2025-10-27,101,370,1,2,8.13
3996,2025-10-10,201,1029,1,1,2.48
3997,2025-10-22,201,111,1,6,14.86
3998,2025-10-16,303,1151,1,5,22.56
3999,2025-10-26,302,312,1,3,16.14
4000,2025-10-18,205,886,1,4,17.78
4001,2025-10-25,101,704,1,6,24.38
4002,2025-10-28,204,858,1,6,16.0
4003,2025-10-09,301,64,1,1,8.24
4004,2025-10-23,205,175,1,2,8.89
4005,2025-10-26,103,1021,1,1,5.21
4006,2025-10-14,202,64,1,3,9.14
4007,2025-10-21,203,440,1,5,11.43
4008,2025-10-22,102,1472,1,3,10.86
4009,2025-10-08,301,606,1,5,41.22
4010,2025-10-04,301,1413,1,3,24.73
4011,2025-10-26,303,1472,1,5,22.56
4012,2025-10-13,301,352,1,6,49.47
4013,2025-10-20,201,780,1,1,2.48
4014,2025-10-27,301,1054,1,3,24.73
4015,2025-10-08,201,1263,1,5,12.38
4016,2025-10-14,103,44,1,5,26.04
4017,2025-10-10,103,259,1,5,26.04
4018,2025-10-05,101,974,1,1,4.06
4019,2025-10-05,201,270,1,4,9.91
4020,2025-10-19,304,1373,1,3,9.63
4021,2025-10-14,103,513,1,6,31.24
4022,2025-10-01,203,875,1,2,4.57
4023,2025-10-09,304,936,1,2,6.42
4024,2025-10-17,201,412,1,6,14.86
4025,2025-10-05,205,481,1,4,17.78
4026,2025-10-25,201,927,1,2,4.95
4027,2025-10-03,202,781,1,5,15.24
4028,2025-10-03,101,551,1,1,4.06
4029,2025-10-19,101,1355,1,1,4.06
4030,2025-10-12,304,1139,1,2,6.42
4031,2025-10-21,301,288,1,5,41.22
4032,2025-10-23,304,749,1,2,6.42
4033,2025-10-16,101,1263,1,2,8.13
4034,2025-10-11,201,361,1,1,2.48
4035,2025-10-09,304,579,1,1,3.21
4036,2025-10-13,204,606,1,1,2.67
4037,2025-10-01,301,312,1,6,49.47
4038,2025-10-25,201,552,1,3,7.43
4039,2025-10-04,203,1063,1,3,6.86
4040,2025-10-21,101,53,1,3,12.19
4041,2025-10-10,302,513,1,6,32.28
4042,2025-10-14,101,716,1,5,20.32
4043,2025-10-25,302,1287,1,4,21.52
4044,2025-10-03,203,1410,1,6,13.72
4045,2025-10-09,203,1029,1,6,13.72
4046,2025-10-21,203,60,1,5,11.43
4047,2025-10-01,206,1017,2,6,17.14
4048,2025-10-05,204,266,2,5,13.34
4049,2025-10-09,103,1050,2,4,20.83
4050,2025-10-26,206,599,2,1,2.86
4051,2025-10-06,303,1000,2,5,22.56
4052,2025-10-18,301,1079,2,3,24.73
4053,2025-10-20,301,649,2,5,41.22
4054,2025-10-13,302,1423,2,5,26.9
4055,2025-10-13,203,1462,2,5,11.43
4056,2025-10-11,201,882,2,1,2.48
4057,2025-10-26,301,145,2,3,24.73
4058,2025-10-05,101,474,2,5,20.32
4059,2025-10-25,101,1226,2,6,24.38
4060,2025-10-23,304,970,2,2,6.42
4061,2025-10-12,303,305,2,1,4.51
4062,2025-10-14,101,166,2,1,4.06
4063,2025-10-18,103,1434,2,5,26.04
4064,2025-10-14,302,819,2,2,10.76
4065,2025-10-21,103,344,2,6,31.24
4066,2025-10-09,101,853,2,5,20.32
4067,2025-10-13,201,1257,2,1,2.48
4068,2025-10-20,101,1482,2,1,4.06
4069,2025-10-10,201,1378,2,2,4.95
4070,2025-10-06,304,143,2,3,9.63
4071,2025-10-13,201,722,2,4,9.91
4072,2025-10-28,302,1438,2,6,32.28
4073,2025-10-16,301,1044,2,4,32.98
4074,2025-10-09,101,444,2,4,16.26
4075,2025-10-11,101,1082,2,3,12.19
4076,2025-10-25,303,1128,2,4,18.05
4077,2025-10-19,201,1157,2,1,2.48
4078,2025-10-25,302,825,2,3,16.14
4079,2025-10-26,304,1311,2,2,6.42
4080,2025-10-14,302,353,2,1,5.38
4081,2025-10-09,103,1022,2,3,15.62
4082,2025-10-28,303,489,2,2,9.03
4083,2025-10-23,302,757,2,3,16.14
4084,2025-10-21,101,867,2,4,16.26
4085,2025-10-08,301,151,2,3,24.73
4086,2025-10-14,101,443,2,6,24.38
4087,2025-10-06,303,421,2,1,4.51
4088,2025-10-14,201,1226,2,4,9.91
4089,2025-10-10,302,1017,2,4,21.52
4090,2025-10-20,101,179,2,3,12.19
4091,2025-10-03,202,470,2,1,3.05
4092,2025-10-03,103,956,2,1,5.21
4093,2025-10-27,303,658,2,5,22.56
4094,2025-10-21,206,982,2,5,14.29
4095,2025-10-25,304,1393,2,1,3.21
4096,2025-10-19,101,1345,2,4,16.26
4097,2025-10-23,304,1281,2,4,12.84
4098,2025-10-07,304,215,2,2,6.42
4099,2025-10-12,102,1143,2,5,18.1
4100,2025-10-26,303,719,2,1,4.51
4101,2025-10-14,203,689,2,6,13.72
4102,2025-10-26,303,1085,2,6,27.08
4103,2025-10-04,101,447,2,6,24.38
4104,2025-10-09,101,603,2,5,20.32
4105,2025-10-11,302,601,2,4,21.52
4106,2025-10-19,203,979,2,6,13.72
4107,2025-10-02,303,1185,2,5,22.56
4108,2025-10-06,301,942,2,6,49.47
4109,2025-10-06,304,807,2,5,16.05
4110,2025-10-18,101,610,2,6,24.38
4111,2025-10-12,205,702,2,3,13.34
4112,2025-10-14,101,668,2,6,24.38
4113,2025-10-10,201,1198,2,3,7.43
4114,2025-10-28,201,521,2,2,4.95
4115,2025-10-04,303,395,2,1,4.51
4116,2025-10-23,304,1152,2,2,6.42
4117,2025-10-20,103,1269,2,5,26.04
4118,2025-10-24,302,223,2,5,26.9
4119,2025-10-25,203,550,2,4,9.14
4120,2025-10-21,103,452,2,3,15.62
4121,2025-10-07,205,1434,2,1,4.45
4122,2025-10-06,206,192,2,6,17.14
4123,2025-10-23,303,37,2,3,13.54
4124,2025-10-26,301,179,2,1,8.24
4125,2025-10-08,301,131,2,4,32.98
4126,2025-10-21,103,514,2,6,31.24
4127,2025-10-26,101,604,2,5,20.32
4128,2025-10-17,201,401,2,5,12.38
4129,2025-10-11,103,604,2,2,10.41
4130,2025-10-02,303,280,2,1,4.51
4131,2025-10-28,205,1004,2,6,26.67
4132,2025-10-10,203,1337,2,5,11.43
4133,2025-10-12,303,463,2,4,18.05
4134,2025-10-22,103,923,2,3,15.62
4135,2025-10-02,103,1382,2,4,20.83
4136,2025-10-12,102,178,2,5,18.1
4137,2025-10-07,204,1157,2,5,13.34
4138,2025-10-04,302,48,2,5,26.9
4139,2025-10-25,301,831,2,6,49.47
4140,2025-10-04,103,409,2,5,26.04
4141,2025-10-17,206,673,2,5,14.29
4142,2025-10-13,303,1464,2,6,27.08
4143,2025-10-17,301,1337,2,5,41.22
4144,2025-10-20,302,164,2,6,32.28
4145,2025-10-16,201,1499,2,3,7.43
4146,2025-10-04,302,722,2,4,21.52
4147,2025-10-05,303,663,2,6,27.08
4148,2025-10-26,201,238,2,1,2.48
4149,2025-10-18,303,970,2,5,22.56
4150,2025-10-09,302,363,2,2,10.76
4151,2025-10-21,303,599,2,5,22.56
4152,2025-10-17,301,619,2,2,16.49
4153,2025-10-05,103,303,2,1,5.21
4154,2025-10-18,304,1296,2,6,19.27
4155,2025-10-19,101,560,2,2,8.13
4156,2025-10-28,304,1338,2,5,16.05
4157,2025-10-19,303,1438,2,6,27.08
4158,2025-10-05,303,326,2,2,9.03
4159,2025-10-01,101,491,2,1,4.06
4160,2025-10-01,103,170,2,1,5.21
4161,2025-10-15,302,1106,2,4,21.52
4162,2025-10-01,201,1324,2,1,2.48
4163,2025-10-22,303,1444,2,5,22.56
4164,2025-10-16,303,979,2,6,27.08
4165,2025-10-03,101,766,2,5,20.32
4166,2025-10-26,102,253,2,4,14.48
4167,2025-10-08,103,1431,2,6,31.24
4168,2025-10-21,103,637,2,3,15.62
4169,2025-10-19,301,1329,2,1,8.24
4170,2025-10-09,302,1077,2,4,21.52
4171,2025-10-11,205,567,3,2,8.89
4172,2025-10-11,201,1350,3,5,12.38
4173,2025-10-01,302,359,3,1,5.38
4174,2025-10-15,301,1473,3,1,8.24
4175,2025-10-01,201,688,3,2,4.95
4176,2025-10-11,302,1456,3,3,16.14
4177,2025-10-27,204,146,3,4,10.67
4178,2025-10-02,201,811,3,6,14.86
4179,2025-10-13,202,786,3,6,18.29
4180,2025-10-01,201,1302,3,1,2.48
4181,2025-10-10,201,176,3,3,7.43
4182,2025-10-27,301,405,3,6,49.47
4183,2025-10-26,304,838,3,1,3.21
4184,2025-10-13,203,1234,3,1,2.29
4185,2025-10-09,302,1239,3,5,26.9
4186,2025-10-20,202,23,3,5,15.24
4187,2025-10-25,201,356,3,5,12.38
4188,2025-10-07,202,544,3,5,15.24
4189,2025-10-18,203,1416,3,4,9.14
4190,2025-10-13,203,282,3,5,11.43
4191,2025-10-26,201,23,3,4,9.91
4192,2025-10-14,202,1101,3,5,15.24
4193,2025-10-19,203,225,3,6,13.72
4194,2025-10-22,202,1290,3,6,18.29
4195,2025-10-03,202,681,3,5,15.24
4196,2025-10-14,101,338,3,5,20.32
4197,2025-10-19,201,855,3,1,2.48
4198,2025-10-23,302,1203,3,1,5.38
4199,2025-10-03,103,241,3,1,5.21
4200,2025-10-25,202,667,3,6,18.29
4201,2025-10-17,202,1167,3,6,18.29
4202,2025-10-13,203,23,3,2,4.57
4203,2025-10-18,201,6,3,1,2.48
4204,2025-10-12,301,255,3,5,41.22
4205,2025-10-12,303,630,3,4,18.05
4206,2025-10-15,202,931,3,1,3.05
4207,2025-10-03,202,1331,3,6,18.29
4208,2025-10-10,301,713,3,4,32.98
4209,2025-10-04,204,1069,3,1,2.67
4210,2025-10-18,206,261,3,6,17.14
4211,2025-10-23,201,1200,3,5,12.38
4212,2025-10-14,201,485,3,2,4.95
4213,2025-10-20,102,914,3,2,7.24
4214,2025-10-03,201,847,3,5,12.38
4215,2025-10-09,101,1414,3,6,24.38
4216,2025-10-05,301,206,3,3,24.73
4217,2025-10-22,302,544,3,3,16.14
4218,2025-10-11,201,809,3,1,2.48
4219,2025-10-01,301,1167,3,2,16.49
4220,2025-10-16,101,3,3,3,12.19
4221,2025-10-24,301,97,3,1,8.24
4222,2025-10-08,101,1384,3,4,16.26
4223,2025-10-09,302,105,3,4,21.52
4224,2025-10-27,202,251,3,2,6.1
4225,2025-10-06,201,962,3,4,9.91
4226,2025-10-20,102,609,3,5,18.1
4227,2025-10-01,302,113,3,3,16.14
4228,2025-10-21,101,1006,3,5,20.32
4229,2025-10-09,102,1402,3,6,21.72
4230,2025-10-05,202,777,3,1,3.05
4231,2025-10-26,101,693,3,5,20.32
4232,2025-10-02,101,651,3,1,4.06
4233,2025-10-23,303,1474,3,6,27.08
4234,2025-10-04,303,1156,3,1,4.51
4235,2025-10-20,201,334,3,1,2.48
4236,2025-10-27,302,1313,3,1,5.38
4237,2025-10-14,101,161,3,2,8.13
4238,2025-10-24,301,680,3,1,8.24
4239,2025-10-02,103,1134,3,4,20.83
4240,2025-10-02,101,877,3,1,4.06
4241,2025-10-19,101,574,3,4,16.26
4242,2025-10-16,301,461,3,1,8.24
4243,2025-10-03,302,966,3,6,32.28
4244,2025-10-18,204,1395,3,3,8.0
4245,2025-10-08,201,1294,3,3,7.43
4246,2025-10-17,101,887,3,5,20.32
4247,2025-10-19,201,381,3,5,12.38
4248,2025-10-12,302,241,3,4,21.52
4249,2025-10-16,204,1493,3,3,8.0
4250,2025-10-03,101,1254,3,6,24.38
4251,2025-10-05,302,900,3,5,26.9
4252,2025-10-26,102,1061,3,3,10.86
4253,2025-10-25,101,140,3,6,24.38
4254,2025-10-02,101,272,3,3,12.19
4255,2025-10-22,201,1227,3,5,12.38
4256,2025-10-06,201,136,3,6,14.86
4257,2025-10-07,202,1428,3,3,9.14
4258,2025-10-17,201,1489,3,3,7.43
4259,2025-10-11,302,267,3,2,10.76
4260,2025-10-13,201,490,3,1,2.48
4261,2025-10-02,304,1460,3,4,12.84
4262,2025-10-19,202,1080,3,2,6.1
4263,2025-10-09,103,549,3,6,31.24
4264,2025-10-07,303,1080,3,5,22.56
4265,2025-10-11,201,406,3,2,4.95
4266,2025-10-28,201,546,3,6,14.86
4267,2025-10-18,201,93,3,2,4.95
4268,2025-10-15,201,837,3,1,2.48
4269,2025-10-02,302,727,3,6,32.28
4270,2025-10-11,201,662,3,5,12.38
4271,2025-10-06,101,368,3,4,16.26
4272,2025-10-27,203,15,3,6,13.72
4273,2025-10-11,204,1493,3,5,13.34
4274,2025-10-16,201,1273,3,1,2.48
4275,2025-10-01,301,1327,3,6,49.47
4276,2025-10-08,304,201,3,1,3.21
4277,2025-10-15,303,977,3,1,4.51
4278,2025-10-20,303,1361,3,1,4.51
4279,2025-10-26,101,545,3,3,12.19
4280,2025-10-22,301,720,3,4,32.98
4281,2025-10-06,101,311,3,6,24.38
4282,2025-10-23,205,1243,3,4,17.78
4283,2025-10-11,201,486,3,2,4.95
4284,2025-10-22,301,330,3,1,8.24
4285,2025-10-22,304,251,3,1,3.21
4286,2025-10-26,102,1118,3,3,10.86
4287,2025-10-01,201,279,3,1,2.48
4288,2025-10-02,302,159,3,6,32.28
4289,2025-10-07,201,1408,3,3,7.43
4290,2025-10-26,303,1312,3,3,13.54
4291,2025-10-09,301,820,3,5,41.22
4292,2025-10-11,205,58,3,5,22.23
4293,2025-10-27,202,951,3,1,3.05
4294,2025-10-23,101,348,3,4,16.26
4295,2025-10-20,302,1083,3,4,21.52
4296,2025-10-24,303,1498,4,6,27.08
4297,2025-10-01,206,621,4,6,17.14
4298,2025-10-02,206,25,4,1,2.86
4299,2025-10-22,304,584,4,3,9.63
4300,2025-10-01,304,533,4,6,19.27
4301,2025-10-04,301,13,4,5,41.22
4302,2025-10-02,201,568,4,2,4.95
4303,2025-10-20,202,753,4,5,15.24
4304,2025-10-10,101,252,4,5,20.32
4305,2025-10-11,303,465,4,6,27.08
4306,2025-10-12,303,655,4,3,13.54
4307,2025-10-19,303,938,4,6,27.08
4308,2025-10-13,101,187,4,3,12.19
4309,2025-10-16,101,1448,4,4,16.26
4310,2025-10-21,303,47,4,1,4.51
4311,2025-10-27,202,1370,4,4,12.19
4312,2025-10-13,101,1144,4,5,20.32
4313,2025-10-25,202,654,4,1,3.05
4314,2025-10-09,304,317,4,5,16.05
4315,2025-10-22,301,507,4,2,16.49
4316,2025-10-10,203,1475,4,3,6.86
4317,2025-10-28,301,602,4,3,24.73
4318,2025-10-16,101,1183,4,4,16.26
4319,2025-10-11,201,901,4,2,4.95
4320,2025-10-21,101,961,4,2,8.13
4321,2025-10-16,302,566,4,1,5.38
4322,2025-10-09,304,325,4,3,9.63
4323,2025-10-10,303,293,4,2,9.03
4324,2025-10-06,202,1479,4,3,9.14
4325,2025-10-22,101,1459,4,2,8.13
4326,2025-10-08,301,591,4,2,16.49
4327,2025-10-03,201,40,4,1,2.48
4328,2025-10-19,301,116,4,1,8.24
4329,2025-10-27,206,123,4,4,11.43
4330,2025-10-21,201,1344,4,1,2.48
4331,2025-10-17,203,671,4,4,9.14
4332,2025-10-04,103,237,4,2,10.41
4333,2025-10-08,201,335,4,4,9.91
4334,2025-10-10,205,912,4,1,4.45
4335,2025-10-11,303,1432,4,4,18.05
4336,2025-10-15,203,879,4,5,11.43
4337,2025-10-03,303,448,4,2,9.03
4338,2025-10-25,204,1124,4,5,13.34
4339,2025-10-02,201,621,4,4,9.91
4340,2025-10-14,303,476,4,2,9.03
4341,2025-10-05,301,1183,4,6,49.47
4342,2025-10-06,201,197,4,5,12.38
4343,2025-10-01,201,317,4,4,9.91
4344,2025-10-04,101,245,4,4,16.26
4345,2025-10-08,301,1379,4,2,16.49
4346,2025-10-14,101,442,4,2,8.13
4347,2025-10-24,101,448,4,5,20.32
4348,2025-10-26,101,315,4,5,20.32
4349,2025-10-24,202,18,4,4,12.19
4350,2025-10-04,301,1141,4,5,41.22
4351,2025-10-17,101,1142,4,1,4.06
4352,2025-10-11,102,1379,4,3,10.86
4353,2025-10-19,203,839,4,6,13.72
4354,2025-10-23,203,1196,4,4,9.14
4355,2025-10-04,101,1046,4,6,24.38
4356,2025-10-23,203,125,4,1,2.29
4357,2025-10-08,301,1228,4,3,24.73
4358,2025-10-20,202,584,4,6,18.29
4359,2025-10-20,101,390,4,4,16.26
4360,2025-10-16,202,455,4,5,15.24
4361,2025-10-11,301,834,4,3,24.73
4362,2025-10-04,303,1297,4,6,27.08
4363,2025-10-25,101,1219,4,6,24.38
4364,2025-10-06,101,1383,4,1,4.06
4365,2025-10-18,102,318,4,3,10.86
4366,2025-10-05,205,390,4,2,8.89
4367,2025-10-09,101,748,4,1,4.06
4368,2025-10-21,202,566,4,3,9.14
4369,2025-10-28,301,1319,4,6,49.47
4370,2025-10-14,301,1002,4,1,8.24
4371,2025-10-07,204,29,4,6,16.0
4372,2025-10-21,206,31,4,6,17.14
4373,2025-10-07,101,125,4,6,24.38
4374,2025-10-23,201,367,4,6,14.86
4375,2025-10-05,103,1144,4,2,10.41
4376,2025-10-23,202,291,4,2,6.1
4377,2025-10-07,103,120,4,6,31.24
4378,2025-10-17,303,246,4,2,9.03
4379,2025-10-14,202,671,4,1,3.05
4380,2025-10-22,202,137,4,1,3.05
4381,2025-10-08,201,1149,4,5,12.38
4382,2025-10-13,202,1481,4,3,9.14
4383,2025-10-08,101,328,4,5,20.32
4384,2025-10-01,301,408,4,6,49.47
4385,2025-10-14,304,189,4,1,3.21
4386,2025-10-28,202,116,4,4,12.19
4387,2025-10-19,303,1334,4,2,9.03
4388,2025-10-09,103,659,4,1,5.21
4389,2025-11-20,302,703,1,1,5.88
4390,2025-11-19,201,101,1,2,5.07
4391,2025-11-04,302,780,1,2,11.75
4392,2025-11-02,203,656,1,5,11.7
4393,2025-11-27,201,779,1,3,7.6
4394,2025-11-15,302,1333,1,4,23.51
4395,2025-11-13,302,418,1,1,5.88
4396,2025-11-03,301,991,1,2,18.01
4397,2025-11-12,203,640,1,4,9.36
4398,2025-11-10,101,1413,1,5,20.8
4399,2025-11-10,301,1137,1,3,27.02
4400,2025-11-13,101,374,1,4,16.64
4401,2025-11-25,301,370,1,5,45.03
4402,2025-11-14,301,616,1,5,45.03
4403,2025-11-20,101,690,1,6,24.96
4404,2025-11-05,101,320,1,2,8.32
4405,2025-11-27,201,175,1,4,10.14
4406,2025-11-09,101,392,1,2,8.32
4407,2025-11-05,301,1287,1,6,54.03
4408,2025-11-18,201,1218,1,6,15.21
4409,2025-11-05,201,139,1,6,15.21
4410,2025-11-21,301,60,1,5,45.03
4411,2025-11-20,203,1208,1,4,9.36
4412,2025-11-20,205,749,1,6,27.3
4413,2025-11-24,101,564,1,2,8.32
4414,2025-11-03,303,1138,1,6,29.58
4415,2025-11-13,205,484,1,6,27.3
4416,2025-11-11,102,1472,1,5,18.53
4417,2025-11-24,102,519,1,2,7.41
4418,2025-11-12,303,1140,1,2,9.86
4419,2025-11-08,101,403,1,5,20.8
4420,2025-11-27,103,53,1,2,10.66
4421,2025-11-03,302,101,1,2,11.75
4422,2025-11-28,301,1150,1,3,27.02
4423,2025-11-01,203,674,1,4,9.36
4424,2025-11-12,304,848,1,3,10.52
4425,2025-11-23,301,981,1,4,36.02
4426,2025-11-11,301,1442,1,4,36.02
4427,2025-11-23,203,1263,1,5,11.7
4428,2025-11-24,302,1410,1,3,17.63
4429,2025-11-11,303,376,1,6,29.58
4430,2025-11-14,201,660,1,2,5.07
4431,2025-11-13,204,700,1,3,8.19
4432,2025-11-25,303,875,1,5,24.65
4433,2025-11-14,201,383,1,1,2.54
4434,2025-11-03,303,336,1,2,9.86
4435,2025-11-01,201,937,1,3,7.6
4436,2025-11-19,301,606,1,1,9.01
4437,2025-11-10,303,894,1,5,24.65
4438,2025-11-06,101,1373,1,3,12.48
4439,2025-11-11,201,1430,1,2,5.07
4440,2025-11-13,303,712,1,5,24.65
4441,2025-11-06,201,165,1,4,10.14
4442,2025-11-01,302,827,1,2,11.75
4443,2025-11-05,302,436,1,3,17.63
4444,2025-11-19,201,175,1,6,15.21
4445,2025-11-04,103,527,1,4,21.32
4446,2025-11-09,101,1131,1,6,24.96
4447,2025-11-08,203,1439,1,2,4.68
4448,2025-11-27,303,173,1,4,19.72
4449,2025-11-10,201,384,1,3,7.6
4450,2025-11-15,301,986,1,1,9.01
4451,2025-11-25,201,836,1,6,15.21
4452,2025-11-01,102,51,1,6,22.23
4453,2025-11-24,203,188,1,6,14.04
4454,2025-11-27,203,638,1,5,11.7
4455,2025-11-04,303,101,1,2,9.86
4456,2025-11-15,201,119,1,5,12.68
4457,2025-11-09,303,577,1,5,24.65
4458,2025-11-27,101,1138,1,3,12.48
4459,2025-11-14,201,886,1,2,5.07
4460,2025-11-09,302,1205,1,3,17.63
4461,2025-11-16,206,65,1,6,17.55
4462,2025-11-21,101,288,1,2,8.32
4463,2025-11-01,302,1216,1,6,35.26
4464,2025-11-24,203,249,1,3,7.02
4465,2025-11-15,102,816,1,4,14.82
4466,2025-11-13,101,1205,1,4,16.64
4467,2025-11-07,201,848,1,2,5.07
4468,2025-11-02,101,1122,1,3,12.48
4469,2025-11-23,302,638,1,6,35.26
4470,2025-11-18,302,89,1,4,23.51
4471,2025-11-11,101,1131,1,3,12.48
4472,2025-11-02,203,44,1,1,2.34
4473,2025-11-28,303,1205,1,4,19.72
4474,2025-11-03,102,564,1,2,7.41
4475,2025-11-22,102,371,1,4,14.82
4476,2025-11-20,101,552,1,1,4.16
4477,2025-11-23,102,1439,1,5,18.53
4478,2025-11-25,101,712,1,2,8.32
4479,2025-11-23,203,112,1,6,14.04
4480,2025-11-02,203,374,1,2,4.68
4481,2025-11-20,101,616,1,4,16.64
4482,2025-11-17,201,1411,1,2,5.07
4483,2025-11-01,201,1034,1,6,15.21
4484,2025-11-24,206,1087,1,5,14.62
4485,2025-11-12,302,209,1,2,11.75
4486,2025-11-12,301,1138,1,5,45.03
4487,2025-11-05,301,320,1,2,18.01
4488,2025-11-25,101,812,1,6,24.96
4489,2025-11-07,102,926,1,5,18.53
4490,2025-11-01,205,527,1,2,9.1
4491,2025-11-23,201,1216,1,4,10.14
4492,2025-11-26,302,626,1,2,11.75
4493,2025-11-14,102,784,1,2,7.41
4494,2025-11-02,101,852,1,3,12.48
4495,2025-11-18,201,836,1,1,2.54
4496,2025-11-13,101,1043,1,2,8.32
4497,2025-11-25,203,886,1,1,2.34
4498,2025-11-13,302,55,1,2,11.75
4499,2025-11-04,101,264,1,4,16.64
4500,2025-11-21,201,971,1,3,7.6
4501,2025-11-22,102,974,1,5,18.53
4502,2025-11-23,206,112,1,2,5.85
4503,2025-11-22,303,1442,1,4,19.72
4504,2025-11-23,302,1404,1,4,23.51
4505,2025-11-25,103,738,1,3,15.99
4506,2025-11-15,203,1333,1,3,7.02
4507,2025-11-07,103,392,1,2,10.66
4508,2025-11-05,304,288,1,2,7.01
4509,2025-11-01,303,1090,1,5,24.65
4510,2025-11-10,101,450,1,5,20.8
4511,2025-11-18,304,1150,1,3,10.52
4512,2025-11-05,302,1252,1,5,29.39
4513,2025-11-24,303,908,2,2,9.86
4514,2025-11-06,202,872,2,4,12.48
4515,2025-11-02,102,989,2,6,22.23
4516,2025-11-26,103,1229,2,6,31.98
4517,2025-11-03,303,306,2,2,9.86
4518,2025-11-13,206,1269,2,3,8.78
4519,2025-11-01,103,1257,2,2,10.66
4520,2025-11-28,301,1445,2,2,18.01
4521,2025-11-21,304,1451,2,1,3.51
4522,2025-11-22,201,191,2,1,2.54
4523,2025-11-06,102,1017,2,4,14.82
4524,2025-11-26,301,747,2,5,45.03
4525,2025-11-19,301,1211,2,2,18.01
4526,2025-11-03,301,819,2,4,36.02
4527,2025-11-02,302,928,2,4,23.51
4528,2025-11-03,201,467,2,5,12.68
4529,2025-11-03,304,942,2,6,21.04
4530,2025-11-09,101,191,2,6,24.96
4531,2025-11-11,101,856,2,6,24.96
4532,2025-11-19,203,243,2,1,2.34
4533,2025-11-19,301,561,2,4,36.02
4534,2025-11-18,301,1284,2,4,36.02
4535,2025-11-02,201,1224,2,2,5.07
4536,2025-11-01,302,663,2,2,11.75
4537,2025-11-22,102,48,2,2,7.41
4538,2025-11-16,101,262,2,6,24.96
4539,2025-11-03,101,416,2,6,24.96
4540,2025-11-19,201,637,2,2,5.07
4541,2025-11-20,302,1020,2,4,23.51
4542,2025-11-21,204,1160,2,5,13.65
4543,2025-11-17,202,1213,2,5,15.6
4544,2025-11-14,102,1268,2,2,7.41
4545,2025-11-03,303,491,2,2,9.86
4546,2025-11-13,101,81,2,6,24.96
4547,2025-11-23,204,1495,2,3,8.19
4548,2025-11-20,304,1217,2,5,17.54
4549,2025-11-12,301,620,2,4,36.02
4550,2025-11-21,303,1478,2,2,9.86
4551,2025-11-23,303,806,2,6,29.58
4552,2025-11-03,102,973,2,5,18.53
4553,2025-11-01,201,1332,2,2,5.07
4554,2025-11-21,301,867,2,5,45.03
4555,2025-11-05,102,138,2,1,3.71
4556,2025-11-03,101,904,2,5,20.8
4557,2025-11-16,303,967,2,3,14.79
4558,2025-11-19,103,1166,2,3,15.99
4559,2025-11-16,302,24,2,3,17.63
4560,2025-11-05,302,1076,2,1,5.88
4561,2025-11-13,304,800,2,4,14.03
4562,2025-11-25,201,1107,2,6,15.21
4563,2025-11-19,205,1152,2,3,13.65
4564,2025-11-03,301,1075,2,3,27.02
4565,2025-11-12,302,1086,2,4,23.51
4566,2025-11-09,302,859,2,1,5.88
4567,2025-11-08,101,906,2,4,16.64
4568,2025-11-16,201,526,2,2,5.07
4569,2025-11-13,101,718,2,6,24.96
4570,2025-11-06,301,1190,2,5,45.03
4571,2025-11-21,203,1461,2,1,2.34
4572,2025-11-19,301,969,2,2,18.01
4573,2025-11-02,102,949,2,2,7.41
4574,2025-11-01,301,473,2,6,54.03
4575,2025-11-06,201,1376,2,1,2.54
4576,2025-11-22,101,550,2,4,16.64
4577,2025-11-03,203,819,2,2,4.68
4578,2025-11-20,301,1446,2,5,45.03
4579,2025-11-20,303,998,2,3,14.79
4580,2025-11-14,201,1107,2,3,7.6
4581,2025-11-25,103,686,2,3,15.99
4582,2025-11-24,303,583,2,3,14.79
4583,2025-11-26,201,192,2,3,7.6
4584,2025-11-20,302,326,2,3,17.63
4585,2025-11-19,202,641,2,5,15.6
4586,2025-11-27,302,679,2,2,11.75
4587,2025-11-10,103,599,2,4,21.32
4588,2025-11-14,301,691,2,3,27.02
4589,2025-11-27,101,1450,2,6,24.96
4590,2025-11-02,102,854,2,2,7.41
4591,2025-11-20,205,1224,2,2,9.1
4592,2025-11-19,302,1385,2,2,11.75
4593,2025-11-19,301,708,2,5,45.03
4594,2025-11-04,101,27,2,2,8.32
4595,2025-11-15,304,349,2,5,17.54
4596,2025-11-04,101,1229,2,2,8.32
4597,2025-11-11,302,782,2,4,23.51
4598,2025-11-12,303,510,2,5,24.65
4599,2025-11-26,103,1049,2,6,31.98
4600,2025-11-26,201,363,2,4,10.14
4601,2025-11-02,303,641,2,2,9.86
4602,2025-11-09,101,1462,2,3,12.48
4603,2025-11-13,203,174,2,3,7.02
4604,2025-11-08,101,1462,2,5,20.8
4605,2025-11-05,101,913,2,1,4.16
4606,2025-11-07,101,1185,2,1,4.16
4607,2025-11-28,201,913,2,4,10.14
4608,2025-11-13,206,504,2,5,14.62
4609,2025-11-21,201,1204,2,3,7.6
4610,2025-11-14,304,214,2,5,17.54
4611,2025-11-07,303,183,2,5,24.65
4612,2025-11-18,103,771,2,3,15.99
4613,2025-11-11,102,1005,2,6,22.23
4614,2025-11-03,202,589,2,1,3.12
4615,2025-11-12,303,144,2,5,24.65
4616,2025-11-06,303,505,2,3,14.79
4617,2025-11-22,302,379,2,2,11.75
4618,2025-11-07,101,807,2,2,8.32
4619,2025-11-09,204,1025,2,2,5.46
4620,2025-11-01,102,782,2,1,3.71
4621,2025-11-23,103,1500,2,4,21.32
4622,2025-11-23,202,1004,2,6,18.72
4623,2025-11-27,302,81,2,5,29.39
4624,2025-11-11,101,396,2,6,24.96
4625,2025-11-13,301,147,2,3,27.02
4626,2025-11-03,101,1260,2,6,24.96
4627,2025-11-03,203,1193,2,3,7.02
4628,2025-11-10,103,554,2,1,5.33
4629,2025-11-05,303,601,2,1,4.93
4630,2025-11-02,206,446,2,3,8.78
4631,2025-11-20,102,734,2,5,18.53
4632,2025-11-06,203,1153,2,3,7.02
4633,2025-11-28,302,441,2,6,35.26
4634,2025-11-17,102,424,2,2,7.41
4635,2025-11-01,301,380,2,2,18.01
4636,2025-11-13,101,1483,2,3,12.48
4637,2025-11-07,304,30,2,2,7.01
4638,2025-11-07,103,663,2,2,10.66
4639,2025-11-03,202,327,2,4,12.48
4640,2025-11-26,301,1166,2,4,36.02
4641,2025-11-15,201,1091,2,1,2.54
4642,2025-11-20,101,896,2,4,16.64
4643,2025-11-02,103,316,3,6,31.98
4644,2025-11-07,201,109,3,3,7.6
4645,2025-11-08,101,1440,3,2,8.32
4646,2025-11-27,204,931,3,3,8.19
4647,2025-11-07,102,488,3,1,3.71
4648,2025-11-02,301,234,3,2,18.01
4649,2025-11-03,203,1171,3,4,9.36
4650,2025-11-03,302,855,3,1,5.88
4651,2025-11-22,301,241,3,2,18.01
4652,2025-11-02,201,817,3,3,7.6
4653,2025-11-14,302,472,3,6,35.26
4654,2025-11-15,206,1429,3,5,14.62
4655,2025-11-27,301,910,3,1,9.01
4656,2025-11-16,205,593,3,6,27.3
4657,2025-11-04,302,1250,3,4,23.51
4658,2025-11-28,302,339,3,5,29.39
4659,2025-11-13,302,669,3,1,5.88
4660,2025-11-18,205,820,3,2,9.1
4661,2025-11-16,102,1273,3,6,22.23
4662,2025-11-28,102,118,3,5,18.53
4663,2025-11-20,102,67,3,3,11.12
4664,2025-11-26,302,1362,3,5,29.39
4665,2025-11-25,201,1053,3,4,10.14
4666,2025-11-17,201,1416,3,3,7.6
4667,2025-11-16,301,449,3,2,18.01
4668,2025-11-19,205,1494,3,4,18.2
4669,2025-11-04,303,236,3,2,9.86
4670,2025-11-04,101,1041,3,1,4.16
4671,2025-11-02,202,423,3,5,15.6
4672,2025-11-18,301,774,3,6,54.03
4673,2025-11-20,302,97,3,6,35.26
4674,2025-11-15,206,97,3,1,2.93
4675,2025-11-10,302,1369,3,4,23.51
4676,2025-11-08,101,1207,3,6,24.96
4677,2025-11-19,102,1243,3,1,3.71
4678,2025-11-12,205,334,3,6,27.3
4679,2025-11-25,204,213,3,6,16.38
4680,2025-11-06,202,258,3,2,6.24
4681,2025-11-24,302,457,3,4,23.51
4682,2025-11-15,103,339,3,5,26.65
4683,2025-11-28,102,532,3,3,11.12
4684,2025-11-13,102,330,3,1,3.71
4685,2025-11-22,201,478,3,3,7.6
4686,2025-11-13,204,350,3,6,16.38
4687,2025-11-24,302,3,3,6,35.26
4688,2025-11-07,301,532,3,2,18.01
4689,2025-11-27,201,33,3,4,10.14
4690,2025-11-16,201,984,3,5,12.68
4691,2025-11-01,204,488,3,3,8.19
4692,2025-11-01,202,693,3,2,6.24
4693,2025-11-25,205,977,3,4,18.2
4694,2025-11-20,301,1493,3,1,9.01
4695,2025-11-26,302,1357,3,2,11.75
4696,2025-11-20,202,1381,3,3,9.36
4697,2025-11-14,302,1276,3,4,23.51
4698,2025-11-20,206,1454,3,2,5.85
4699,2025-11-09,201,340,3,2,5.07
4700,2025-11-16,202,586,3,4,12.48
4701,2025-11-12,302,1132,3,2,11.75
4702,2025-11-03,102,736,3,4,14.82
4703,2025-11-05,201,1221,3,1,2.54
4704,2025-11-12,101,1148,3,6,24.96
4705,2025-11-05,301,1200,3,2,18.01
4706,2025-11-11,201,1494,3,1,2.54
4707,2025-11-05,201,1186,3,1,2.54
4708,2025-11-23,201,1171,3,6,15.21
4709,2025-11-08,201,880,3,4,10.14
4710,2025-11-21,206,763,3,2,5.85
4711,2025-11-24,102,545,3,5,18.53
4712,2025-11-02,206,799,3,2,5.85
4713,2025-11-22,201,472,3,3,7.6
4714,2025-11-21,205,1328,3,1,4.55
4715,2025-11-07,203,366,3,1,2.34
4716,2025-11-21,301,1061,3,2,18.01
4717,2025-11-02,301,490,3,1,9.01
4718,2025-11-23,204,279,3,2,5.46
4719,2025-11-03,101,330,3,6,24.96
4720,2025-11-27,302,316,3,1,5.88
4721,2025-11-24,301,545,3,3,27.02
4722,2025-11-23,202,692,3,1,3.12
4723,2025-11-18,203,776,3,4,9.36
4724,2025-11-10,203,15,3,4,9.36
4725,2025-11-04,101,1041,3,5,20.8
4726,2025-11-18,201,113,3,5,12.68
4727,2025-11-25,201,250,3,3,7.6
4728,2025-11-01,302,87,3,6,35.26
4729,2025-11-19,302,962,3,2,11.75
4730,2025-11-15,302,1282,3,4,23.51
4731,2025-11-27,202,574,3,2,6.24
4732,2025-11-13,202,1282,3,6,18.72
4733,2025-11-24,201,569,3,4,10.14
4734,2025-11-20,301,809,3,1,9.01
4735,2025-11-10,301,1314,3,2,18.01
4736,2025-11-05,102,1401,3,5,18.53
4737,2025-11-06,303,146,3,2,9.86
4738,2025-11-10,102,1363,3,1,3.71
4739,2025-11-06,101,1232,3,3,12.48
4740,2025-11-26,201,217,3,2,5.07
4741,2025-11-17,201,1132,3,4,10.14
4742,2025-11-28,301,217,3,6,54.03
4743,2025-11-15,101,272,3,5,20.8
4744,2025-11-19,302,1227,3,4,23.51
4745,2025-11-09,204,1156,3,5,13.65
4746,2025-11-21,301,284,3,1,9.01
4747,2025-11-04,202,1440,3,2,6.24
4748,2025-11-08,203,805,3,1,2.34
4749,2025-11-24,201,1362,3,1,2.54
4750,2025-11-01,301,115,3,6,54.03
4751,2025-11-24,101,284,3,2,8.32
4752,2025-11-18,203,730,3,2,4.68
4753,2025-11-11,303,123,4,1,4.93
4754,2025-11-09,201,657,4,2,5.07
4755,2025-11-18,303,8,4,2,9.86
4756,2025-11-23,303,408,4,5,24.65
4757,2025-11-06,303,1441,4,5,24.65
4758,2025-11-02,301,1168,4,1,9.01
4759,2025-11-14,202,411,4,6,18.72
4760,2025-11-08,302,608,4,4,23.51
4761,2025-11-07,101,1262,4,5,20.8
4762,2025-11-22,205,533,4,4,18.2
4763,2025-11-14,103,210,4,4,21.32
4764,2025-11-04,202,1346,4,6,18.72
4765,2025-11-06,303,1067,4,4,19.72
4766,2025-11-14,202,1383,4,2,6.24
4767,2025-11-01,201,193,4,1,2.54
4768,2025-11-17,102,402,4,6,22.23
4769,2025-11-23,102,375,4,2,7.41
4770,2025-11-28,101,1288,4,5,20.8
4771,2025-11-12,301,497,4,2,18.01
4772,2025-11-24,202,168,4,5,15.6
4773,2025-11-23,202,54,4,3,9.36
4774,2025-11-16,202,1051,4,4,12.48
4775,2025-11-14,101,1026,4,1,4.16
4776,2025-11-01,302,1343,4,2,11.75
4777,2025-11-27,202,715,4,6,18.72
4778,2025-11-20,103,318,4,1,5.33
4779,2025-11-14,202,304,4,4,12.48
4780,2025-11-23,202,299,4,5,15.6
4781,2025-11-14,201,1468,4,5,12.68
4782,2025-11-08,302,1346,4,6,35.26
4783,2025-11-22,301,1256,4,3,27.02
4784,2025-11-01,101,372,4,6,24.96
4785,2025-11-12,301,1070,4,4,36.02
4786,2025-11-20,202,987,4,2,6.24
4787,2025-11-05,204,879,4,1,2.73
4788,2025-11-20,202,1278,4,3,9.36
4789,2025-11-11,204,889,4,2,5.46
4790,2025-11-22,103,1141,4,3,15.99
4791,2025-11-25,205,1162,4,1,4.55
4792,2025-11-19,301,57,4,2,18.01
4793,2025-11-16,202,355,4,6,18.72
4794,2025-11-14,301,1498,4,4,36.02
4795,2025-11-03,304,1144,4,3,10.52
4796,2025-11-16,204,57,4,4,10.92
4797,2025-11-26,203,1183,4,5,11.7
4798,2025-11-16,201,672,4,6,15.21
4799,2025-11-20,203,1455,4,6,14.04
4800,2025-11-03,201,1288,4,3,7.6
4801,2025-11-26,102,1275,4,5,18.53
4802,2025-11-14,302,1187,4,1,5.88
4803,2025-11-17,103,946,4,4,21.32
4804,2025-11-19,102,1342,4,6,22.23
4805,2025-11-13,301,783,4,1,9.01
4806,2025-11-01,301,714,4,5,45.03
4807,2025-11-26,201,422,4,1,2.54
4808,2025-11-26,206,1060,4,5,14.62
4809,2025-11-06,303,308,4,3,14.79
4810,2025-11-06,302,1070,4,1,5.88
4811,2025-11-02,101,1067,4,4,16.64
4812,2025-11-20,202,167,4,5,15.6
4813,2025-11-06,101,732,4,5,20.8
4814,2025-11-12,202,1315,4,3,9.36
4815,2025-11-01,101,1396,4,2,8.32
4816,2025-11-18,303,502,4,5,24.65
4817,2025-11-11,303,1236,4,1,4.93
4818,2025-11-18,201,645,4,5,12.68
4819,2025-11-16,205,711,4,6,27.3
4820,2025-11-04,302,1389,4,6,35.26
4821,2025-11-01,201,367,4,2,5.07
4822,2025-11-26,303,1026,4,4,19.72
4823,2025-11-01,303,566,4,1,4.93
4824,2025-11-24,101,1057,4,3,12.48
4825,2025-11-04,301,993,4,4,36.02
4826,2025-11-12,206,1052,4,1,2.93
4827,2025-11-09,201,1441,4,5,12.68
4828,2025-11-18,102,790,4,4,14.82
4829,2025-11-02,202,1264,4,5,15.6
4830,2025-11-01,301,308,4,6,54.03
4831,2025-11-14,202,95,4,2,6.24
4832,2025-11-25,101,533,4,6,24.96
4833,2025-11-04,202,124,4,6,18.72
4834,2025-11-10,103,671,4,3,15.99
4835,2025-11-02,101,1060,4,5,20.8
4836,2025-11-11,202,1124,4,6,18.72
4837,2025-11-27,203,1032,4,4,9.36
4838,2025-11-13,101,351,4,1,4.16
4839,2025-11-04,301,879,4,2,18.01
4840,2025-11-20,303,1142,4,5,24.65
4841,2025-11-11,303,1126,4,2,9.86
4842,2025-11-28,301,482,4,2,18.01
4843,2025-11-11,101,643,4,1,4.16
4844,2025-11-21,103,790,4,6,31.98
4845,2025-11-09,202,1259,4,1,3.12
4846,2025-11-10,201,1346,4,4,10.14
4847,2025-11-12,201,595,4,3,7.6
4848,2025-11-06,204,269,4,3,8.19
4849,2025-11-18,302,602,4,2,11.75
4850,2025-11-27,201,203,4,4,10.14
4851,2025-11-11,304,961,4,3,10.52
4852,2025-11-23,103,130,4,2,10.66
4853,2025-11-13,101,318,4,2,8.32
4854,2025-11-28,206,180,4,1,2.93
4855,2025-12-05,102,1090,1,6,22.74
4856,2025-12-06,304,781,1,4,15.26
4857,2025-12-21,301,943,1,5,48.96
4858,2025-12-12,301,972,1,5,48.96
4859,2025-12-11,201,971,1,6,15.56
4860,2025-12-19,201,1150,1,2,5.19
4861,2025-12-27,201,616,1,6,15.56
4862,2025-12-04,101,738,1,3,12.77
4863,2025-12-11,101,863,1,5,21.28
4864,2025-12-15,201,92,1,1,2.59
4865,2025-12-17,101,1099,1,1,4.26
4866,2025-12-20,101,119,1,3,12.77
4867,2025-12-10,103,508,1,4,21.81
4868,2025-12-21,203,384,1,3,7.18
4869,2025-12-10,201,808,1,2,5.19
4870,2025-12-24,302,1280,1,6,38.34
4871,2025-12-04,201,638,1,4,10.37
4872,2025-12-26,204,991,1,6,16.76
4873,2025-12-10,203,1037,1,3,7.18
4874,2025-12-08,102,863,1,3,11.37
4875,2025-12-08,203,371,1,1,2.39
4876,2025-12-14,101,111,1,2,8.51
4877,2025-12-23,302,376,1,1,6.39
4878,2025-12-17,102,1034,1,6,22.74
4879,2025-12-02,304,911,1,4,15.26
4880,2025-12-06,203,1488,1,5,11.97
4881,2025-12-12,303,1442,1,1,5.36
4882,2025-12-16,102,374,1,5,18.95
4883,2025-12-14,101,361,1,5,21.28
4884,2025-12-11,201,352,1,1,2.59
4885,2025-12-10,101,749,1,6,25.54
4886,2025-12-07,201,587,1,6,15.56
4887,2025-12-26,301,1472,1,4,39.17
4888,2025-12-04,301,911,1,1,9.79
4889,2025-12-12,204,781,1,1,2.79
4890,2025-12-10,301,516,1,2,19.58
4891,2025-12-03,302,1285,1,4,25.56
4892,2025-12-13,203,288,1,6,14.36
4893,2025-12-19,205,89,1,4,18.62
4894,2025-12-07,304,712,1,2,7.63
4895,2025-12-19,101,477,1,5,21.28
4896,2025-12-26,302,787,1,6,38.34
4897,2025-12-02,103,1054,1,3,16.36
4898,2025-12-26,205,51,1,5,23.28
4899,2025-12-02,301,936,1,1,9.79
4900,2025-12-16,205,412,1,3,13.96
4901,2025-12-08,204,1208,1,5,13.96
4902,2025-12-04,301,1237,1,2,19.58
4903,2025-12-14,101,1139,1,5,21.28
4904,2025-12-06,203,1131,1,3,7.18
4905,2025-12-24,201,911,1,3,7.78
4906,2025-12-20,301,1333,1,3,29.38
4907,2025-12-20,303,1270,1,6,32.16
4908,2025-12-15,203,320,1,3,7.18
4909,2025-12-27,204,1411,1,3,8.38
4910,2025-12-21,302,1244,1,3,19.17
4911,2025-12-05,204,915,1,5,13.96
4912,2025-12-02,301,336,1,5,48.96
4913,2025-12-24,101,1023,1,4,17.02
4914,2025-12-20,203,1139,1,5,11.97
4915,2025-12-27,303,99,1,6,32.16
4916,2025-12-17,302,940,1,3,19.17
4917,2025-12-28,102,816,1,5,18.95
4918,2025-12-01,303,592,1,4,21.44
4919,2025-12-10,301,484,1,5,48.96
4920,2025-12-26,303,508,1,1,5.36
4921,2025-12-14,302,871,1,2,12.78
4922,2025-12-17,301,704,1,2,19.58
4923,2025-12-03,304,352,1,1,3.81
4924,2025-12-01,301,383,1,6,58.75
4925,2025-12-25,203,802,1,3,7.18
4926,2025-12-25,302,101,1,1,6.39
4927,2025-12-16,204,937,1,5,13.96
4928,2025-12-19,101,11,1,3,12.77
4929,2025-12-24,302,1442,1,1,6.39
4930,2025-12-19,205,1087,1,6,27.93
4931,2025-12-15,302,848,1,1,6.39
4932,2025-12-11,204,249,1,3,8.38
4933,2025-12-14,204,1023,1,4,11.17
4934,2025-12-03,102,1081,1,3,11.37
4935,2025-12-24,302,886,1,3,19.17
4936,2025-12-25,203,1263,1,1,2.39
4937,2025-12-01,203,1409,1,6,14.36
4938,2025-12-07,302,209,1,3,19.17
4939,2025-12-24,301,1310,1,1,9.79
4940,2025-12-08,101,1430,1,5,21.28
4941,2025-12-08,204,936,1,1,2.79
4942,2025-12-16,101,559,1,5,21.28
4943,2025-12-12,101,188,1,3,12.77
4944,2025-12-02,103,991,1,4,21.81
4945,2025-12-11,101,936,1,5,21.28
4946,2025-12-23,302,188,1,5,31.95
4947,2025-12-02,101,242,1,3,12.77
4948,2025-12-15,201,382,1,6,15.56
4949,2025-12-23,201,1442,1,3,7.78
4950,2025-12-07,301,699,1,4,39.17
4951,2025-12-15,301,101,1,2,19.58
4952,2025-12-17,102,1263,1,3,11.37
4953,2025-12-08,205,383,1,5,23.28
4954,2025-12-02,201,1237,1,5,12.97
4955,2025-12-18,101,579,1,3,12.77
4956,2025-12-03,304,656,1,4,15.26
4957,2025-12-15,206,1140,1,3,8.98
4958,2025-12-11,103,700,1,6,32.72
4959,2025-12-19,302,862,1,2,12.78
4960,2025-12-12,204,1439,1,3,8.38
4961,2025-12-13,302,531,1,1,6.39
4962,2025-12-20,103,60,1,6,32.72
4963,2025-12-08,301,852,1,5,48.96
4964,2025-12-01,203,270,1,4,9.58
4965,2025-12-25,203,1131,1,4,9.58
4966,2025-12-11,201,440,1,1,2.59
4967,2025-12-03,201,690,1,5,12.97
4968,2025-12-03,302,1237,1,3,19.17
4969,2025-12-02,301,156,1,1,9.79
4970,2025-12-15,206,579,1,6,17.96
4971,2025-12-11,206,937,1,2,5.99
4972,2025-12-10,302,749,1,6,38.34
4973,2025-12-12,302,188,1,1,6.39
4974,2025-12-18,101,943,1,6,25.54
4975,2025-12-01,101,691,2,2,8.51
4976,2025-12-07,101,1079,2,4,17.02
4977,2025-12-28,101,277,2,5,21.28
4978,2025-12-22,103,710,2,3,16.36
4979,2025-12-25,204,1499,2,5,13.96
4980,2025-12-26,103,561,2,3,16.36
4981,2025-12-14,303,1491,2,5,26.8
4982,2025-12-16,302,1018,2,4,25.56
4983,2025-12-28,103,12,2,6,32.72
4984,2025-12-17,301,1393,2,2,19.58
4985,2025-12-20,302,1326,2,3,19.17
4986,2025-12-28,204,830,2,3,8.38
4987,2025-12-04,302,620,2,3,19.17
4988,2025-12-18,302,1160,2,3,19.17
4989,2025-12-04,101,1160,2,4,17.02
4990,2025-12-01,103,1085,2,2,10.91
4991,2025-12-04,302,283,2,5,31.95
4992,2025-12-25,302,98,2,3,19.17
4993,2025-12-19,102,1303,2,2,7.58
4994,2025-12-17,302,1277,2,1,6.39
4995,2025-12-15,102,918,2,4,15.16
4996,2025-12-24,304,615,2,2,7.63
4997,2025-12-25,102,1217,2,3,11.37
4998,2025-12-04,203,610,2,3,7.18
4999,2025-12-01,302,303,2,5,31.95
5000,2025-12-07,304,1332,2,3,11.44
5001,2025-12-01,302,494,2,4,25.56
5002,2025-12-05,206,898,2,4,11.97
5003,2025-12-02,103,686,2,2,10.91
5004,2025-12-28,101,610,2,2,8.51
5005,2025-12-02,303,913,2,5,26.8
5006,2025-12-01,203,702,2,2,4.79
5007,2025-12-01,302,154,2,1,6.39
5008,2025-12-23,302,718,2,4,25.56
5009,2025-12-06,101,710,2,2,8.51
5010,2025-12-27,201,1425,2,2,5.19
5011,2025-12-20,301,1242,2,1,9.79
5012,2025-12-04,302,400,2,3,19.17
5013,2025-12-18,101,1193,2,3,12.77
5014,2025-12-24,101,1444,2,6,25.54
5015,2025-12-13,204,673,2,6,16.76
5016,2025-12-14,303,543,2,5,26.8
5017,2025-12-03,102,1283,2,3,11.37
5018,2025-12-06,303,757,2,2,10.72
5019,2025-12-21,101,571,2,6,25.54
5020,2025-12-04,102,1386,2,1,3.79
5021,2025-12-02,302,510,2,1,6.39
5022,2025-12-14,201,273,2,5,12.97
5023,2025-12-02,302,1217,2,2,12.78
5024,2025-12-13,101,1153,2,5,21.28
5025,2025-12-02,302,421,2,2,12.78
5026,2025-12-20,302,868,2,1,6.39
5027,2025-12-13,302,1055,2,2,12.78
5028,2025-12-19,302,924,2,1,6.39
5029,2025-12-19,102,84,2,5,18.95
5030,2025-12-16,101,815,2,4,17.02
5031,2025-12-16,101,637,2,1,4.26
5032,2025-12-01,101,77,2,5,21.28
5033,2025-12-20,302,1185,2,2,12.78
5034,2025-12-21,101,1158,2,1,4.26
5035,2025-12-04,102,543,2,1,3.79
5036,2025-12-19,206,131,2,4,11.97
5037,2025-12-03,302,990,2,4,25.56
5038,2025-12-04,205,76,2,2,9.31
5039,2025-12-11,302,731,2,3,19.17
5040,2025-12-16,302,298,2,1,6.39
5041,2025-12-26,301,183,2,5,48.96
5042,2025-12-15,204,676,2,1,2.79
5043,2025-12-02,201,401,2,4,10.37
5044,2025-12-10,302,354,2,3,19.17
5045,2025-12-03,102,1005,2,2,7.58
5046,2025-12-06,101,571,2,3,12.77
5047,2025-12-25,303,219,2,3,16.08
5048,2025-12-22,101,52,2,6,25.54
5049,2025-12-24,301,1146,2,3,29.38
5050,2025-12-06,302,963,2,4,25.56
5051,2025-12-22,301,487,2,2,19.58
5052,2025-12-12,203,822,2,6,14.36
5053,2025-12-16,101,1038,2,2,8.51
5054,2025-12-20,101,778,2,4,17.02
5055,2025-12-22,302,369,2,1,6.39
5056,2025-12-27,103,918,2,3,16.36
5057,2025-12-04,301,973,2,3,29.38
5058,2025-12-04,101,1491,2,1,4.26
5059,2025-12-18,301,243,2,3,29.38
5060,2025-12-18,102,1022,2,4,15.16
5061,2025-12-10,304,1391,2,6,22.88
5062,2025-12-16,303,1436,2,3,16.08
5063,2025-12-22,203,1077,2,5,11.97
5064,2025-12-13,101,160,2,4,17.02
5065,2025-12-10,202,864,3,3,9.58
5066,2025-12-24,201,417,3,5,12.97
5067,2025-12-18,202,182,3,6,19.15
5068,2025-12-19,304,58,3,1,3.81
5069,2025-12-28,202,1132,3,5,15.96
5070,2025-12-10,101,88,3,4,17.02
5071,2025-12-24,101,1416,3,5,21.28
5072,2025-12-13,301,1225,3,2,19.58
5073,2025-12-05,303,359,3,6,32.16
5074,2025-12-09,301,1064,3,2,19.58
5075,2025-12-09,201,844,3,4,10.37
5076,2025-12-17,303,279,3,1,5.36
5077,2025-12-17,101,767,3,5,21.28
5078,2025-12-06,201,263,3,4,10.37
5079,2025-12-06,301,122,3,1,9.79
5080,2025-12-24,304,1428,3,2,7.63
5081,2025-12-05,202,23,3,6,19.15
5082,2025-12-01,201,373,3,3,7.78
5083,2025-12-02,301,34,3,1,9.79
5084,2025-12-13,101,449,3,5,21.28
5085,2025-12-23,302,739,3,6,38.34
5086,2025-12-04,202,1232,3,5,15.96
5087,2025-12-17,101,1136,3,5,21.28
5088,2025-12-03,301,228,3,5,48.96
5089,2025-12-26,201,4,3,4,10.37
5090,2025-12-13,101,1132,3,1,4.26
5091,2025-12-05,301,423,3,6,58.75
5092,2025-12-07,101,864,3,4,17.02
5093,2025-12-22,301,1045,3,5,48.96
5094,2025-12-24,303,876,3,5,26.8
5095,2025-12-02,301,717,3,5,48.96
5096,2025-12-11,101,549,3,6,25.54
5097,2025-12-28,203,1080,3,1,2.39
5098,2025-12-13,201,438,3,3,7.78
5099,2025-12-20,101,1181,3,1,4.26
5100,2025-12-08,202,449,3,6,19.15
5101,2025-12-24,202,438,3,1,3.19
5102,2025-12-04,303,1012,3,1,5.36
5103,2025-12-03,302,1321,3,3,19.17
5104,2025-12-12,204,1369,3,6,16.76
5105,2025-12-05,201,1485,3,5,12.97
5106,2025-12-05,204,33,3,3,8.38
5107,2025-12-26,102,1323,3,3,11.37
5108,2025-12-07,101,594,3,3,12.77
5109,2025-12-14,301,767,3,3,29.38
5110,2025-12-13,101,1156,3,3,12.77
5111,2025-12-10,205,1171,3,3,13.96
5112,2025-12-28,302,756,3,3,19.17
5113,2025-12-23,202,105,3,2,6.38
5114,2025-12-05,101,485,3,5,21.28
5115,2025-12-01,302,255,3,6,38.34
5116,2025-12-03,301,1362,3,5,48.96
5117,2025-12-21,202,391,3,2,6.38
5118,2025-12-25,202,525,3,5,15.96
5119,2025-12-13,304,258,3,2,7.63
5120,2025-12-17,101,136,3,3,12.77
5121,2025-12-11,202,251,3,6,19.15
5122,2025-12-21,202,350,3,3,9.58
5123,2025-12-08,201,639,3,2,5.19
5124,2025-12-01,304,544,3,1,3.81
5125,2025-12-04,101,1108,3,5,21.28
5126,2025-12-23,303,617,3,5,26.8
5127,2025-12-22,101,777,3,1,4.26
5128,2025-12-06,303,1274,3,6,32.16
5129,2025-12-19,304,33,3,3,11.44
5130,2025-12-04,201,58,3,4,10.37
5131,2025-12-06,101,388,3,5,21.28
5132,2025-12-14,101,39,3,4,17.02
5133,2025-12-18,101,434,3,2,8.51
5134,2025-12-03,202,50,3,4,12.77
5135,2025-12-06,101,360,3,6,25.54
5136,2025-12-19,304,1440,3,2,7.63
5137,2025-12-14,304,136,3,6,22.88
5138,2025-12-01,201,1312,3,2,5.19
5139,2025-12-23,302,693,3,5,31.95
5140,2025-12-14,101,809,3,6,25.54
5141,2025-12-27,301,1435,3,2,19.58
5142,2025-12-10,302,707,3,3,19.17
5143,2025-12-21,301,330,3,3,29.38
5144,2025-12-14,302,388,3,4,25.56
5145,2025-12-13,302,39,3,3,19.17
5146,2025-12-11,101,425,3,1,4.26
5147,2025-12-24,101,1456,3,4,17.02
5148,2025-12-24,302,567,3,2,12.78
5149,2025-12-09,202,423,3,2,6.38
5150,2025-12-03,201,950,3,4,10.37
5151,2025-12-06,304,285,3,5,19.07
5152,2025-12-24,303,1353,3,1,5.36
5153,2025-12-22,101,339,3,4,17.02
5154,2025-12-17,201,721,3,1,2.59
5155,2025-12-12,301,1070,4,4,39.17
5156,2025-12-09,303,197,4,2,10.72
5157,2025-12-15,303,1100,4,5,26.8
5158,2025-12-17,302,732,4,4,25.56
5159,2025-12-16,301,1194,4,3,29.38
5160,2025-12-06,302,1468,4,6,38.34
5161,2025-12-12,101,40,4,2,8.51
5162,2025-12-26,101,1291,4,1,4.26
5163,2025-12-16,201,804,4,5,12.97
5164,2025-12-08,304,839,4,2,7.63
5165,2025-12-10,303,128,4,2,10.72
5166,2025-12-24,201,1036,4,4,10.37
5167,2025-12-05,203,230,4,1,2.39
5168,2025-12-14,201,671,4,6,15.56
5169,2025-12-06,204,993,4,3,8.38
5170,2025-12-01,201,1070,4,2,5.19
5171,2025-12-26,206,752,4,3,8.98
5172,2025-12-25,205,315,4,1,4.66
5173,2025-12-20,101,1253,4,6,25.54
5174,2025-12-18,301,203,4,5,48.96
5175,2025-12-08,202,13,4,4,12.77
5176,2025-12-08,303,829,4,4,21.44
5177,2025-12-19,103,760,4,6,32.72
5178,2025-12-26,202,476,4,5,15.96
5179,2025-12-17,301,745,4,5,48.96
5180,2025-12-18,204,57,4,4,11.17
5181,2025-12-09,304,47,4,4,15.26
5182,2025-12-27,201,287,4,1,2.59
5183,2025-12-03,304,408,4,2,7.63
5184,2025-12-10,301,522,4,3,29.38
5185,2025-12-03,206,497,4,3,8.98
5186,2025-12-04,103,1078,4,1,5.45
5187,2025-12-24,101,1325,4,5,21.28
5188,2025-12-16,202,351,4,2,6.38
5189,2025-12-21,101,1275,4,6,25.54
5190,2025-12-07,201,411,4,1,2.59
5191,2025-12-07,101,292,4,6,25.54
5192,2025-12-27,204,125,4,5,13.96
5193,2025-12-02,101,31,4,3,12.77
5194,2025-12-27,102,304,4,4,15.16
5195,2025-12-16,103,271,4,6,32.72
5196,2025-12-25,204,1396,4,4,11.17
5197,2025-12-04,202,1052,4,6,19.15
5198,2025-12-25,303,987,4,2,10.72
5199,2025-12-25,301,126,4,5,48.96
5200,2025-12-04,301,1475,4,3,29.38
5201,2025-12-15,206,1319,4,6,17.96
5202,2025-12-01,201,309,4,3,7.78
5203,2025-12-11,101,595,4,4,17.02
5204,2025-12-23,201,309,4,2,5.19
5205,2025-12-18,101,1325,4,2,8.51
5206,2025-12-17,206,13,4,4,11.97
5207,2025-12-20,202,130,4,4,12.77
5208,2025-12-04,301,1117,4,4,39.17
5209,2025-12-18,101,1293,4,1,4.26
5210,2025-12-16,101,390,4,5,21.28
5211,2025-12-22,101,1490,4,2,8.51
5212,2025-12-09,205,1231,4,4,18.62
5213,2025-12-18,202,528,4,1,3.19
5214,2025-12-02,202,1165,4,2,6.38
5215,2025-12-28,303,293,4,5,26.8
5216,2025-12-06,303,754,4,1,5.36
5217,2025-12-24,203,1379,4,6,14.36
5218,2025-12-15,201,1262,4,3,7.78
5219,2025-12-21,101,675,4,2,8.51
5220,2025-12-07,206,335,4,3,8.98
5221,2025-12-06,102,411,4,4,15.16
5222,2025-12-13,304,1481,4,1,3.81
5223,2025-12-20,101,1046,4,4,17.02
5224,2025-12-09,203,1067,4,4,9.58
5225,2025-12-13,206,1154,4,1,2.99
5226,2025-12-03,301,1142,4,3,29.38
5227,2025-12-08,205,1465,4,1,4.66
5228,2025-12-23,302,351,4,3,19.17
5229,2025-12-24,101,304,4,1,4.26
5230,2025-12-27,302,358,4,3,19.17
5231,2025-12-16,201,25,4,1,2.59
5232,2025-12-02,103,1318,4,3,16.36
5233,2025-12-10,301,566,4,2,19.58
5234,2025-12-04,301,1343,4,6,58.75
5235,2025-12-05,303,760,4,5,26.8
5236,2025-12-17,203,169,4,3,7.18
5237,2025-12-10,103,293,4,1,5.45
5238,2025-12-26,301,193,4,5,48.96
5239,2025-12-28,301,612,4,3,29.38
5240,2025-12-12,101,187,4,1,4.26
5241,2025-12-12,201,1379,4,6,15.56
5242,2025-12-10,304,1088,4,6,22.88
5243,2025-12-08,301,903,4,2,19.58
5244,2025-12-03,103,246,4,5,27.27
5245,2025-12-27,101,308,4,1,4.26
5246,2025-12-16,303,1123,4,3,16.08
5247,2025-12-16,201,1275,4,2,5.19
5248,2025-12-26,301,1126,4,5,48.96
5249,2025-12-11,302,1197,4,1,6.39
5250,2025-12-11,103,299,4,3,16.36
5251,2025-12-15,101,1253,4,1,4.26
5252,2025-12-05,201,632,4,1,2.59
5253,2025-12-16,204,1278,4,5,13.96
5254,2025-12-09,101,390,4,3,12.77
5255,2025-12-02,201,1187,4,6,15.56
5256,2025-12-13,101,47,4,6,25.54
5257,2025-12-14,101,1026,4,3,12.77
5258,2025-12-25,301,1187,4,4,39.17
5259,2025-12-12,202,169,4,1,3.19
5260,2025-12-15,202,533,4,1,3.19
5261,2025-12-15,101,314,4,5,21.28
5262,2025-12-25,201,1231,4,3,7.78
5263,2025-12-25,202,612,4,6,19.15
5264,2025-12-02,202,584,4,6,19.15
5265,2025-12-10,101,608,4,3,12.77
5266,2025-12-15,202,791,4,2,6.38
5267,2025-12-17,301,889,4,3,29.38
5268,2025-12-06,301,1048,4,6,58.75
5269,2025-12-06,101,907,4,5,21.28
5270,2025-12-22,201,1325,4,4,10.37
